mean_fit_time,std_fit_time,mean_score_time,std_score_time,param_max_depth,param_min_samples_split,params,split0_test_score,split1_test_score,split2_test_score,split3_test_score,split4_test_score,mean_test_score,std_test_score,rank_test_score
0.0007024288177490234,0.00025461199507033415,0.0005629539489746093,0.000211217838300405,1,2,"{'max_depth': 1, 'min_samples_split': 2}",0.5833333333333334,0.5833333333333334,0.48333333333333334,0.5333333333333333,0.43333333333333335,0.5233333333333334,0.058309518948453015,442
0.00045037269592285156,5.297680141437803e-05,0.0003582954406738281,1.277923583984375e-05,1,3,"{'max_depth': 1, 'min_samples_split': 3}",0.5833333333333334,0.5833333333333334,0.48333333333333334,0.5333333333333333,0.43333333333333335,0.5233333333333334,0.058309518948453015,442
0.00042862892150878905,1.6416915436520974e-05,0.0003647804260253906,1.5569299129698475e-05,1,4,"{'max_depth': 1, 'min_samples_split': 4}",0.5833333333333334,0.5833333333333334,0.48333333333333334,0.5333333333333333,0.43333333333333335,0.5233333333333334,0.058309518948453015,442
0.0005173206329345704,0.0001237408871256593,0.0004101276397705078,9.710814190088235e-05,1,5,"{'max_depth': 1, 'min_samples_split': 5}",0.5833333333333334,0.5833333333333334,0.48333333333333334,0.5333333333333333,0.43333333333333335,0.5233333333333334,0.058309518948453015,442
0.0004333019256591797,2.5809447146326465e-05,0.00034923553466796874,2.4097974335657647e-06,1,6,"{'max_depth': 1, 'min_samples_split': 6}",0.5833333333333334,0.5833333333333334,0.48333333333333334,0.5333333333333333,0.43333333333333335,0.5233333333333334,0.058309518948453015,442
0.0004462718963623047,2.586524038557615e-05,0.00036025047302246094,9.837186400014975e-06,1,7,"{'max_depth': 1, 'min_samples_split': 7}",0.5833333333333334,0.5833333333333334,0.48333333333333334,0.5333333333333333,0.43333333333333335,0.5233333333333334,0.058309518948453015,442
0.0004510402679443359,7.943689168171713e-05,0.00037374496459960935,2.2810864983705e-05,1,8,"{'max_depth': 1, 'min_samples_split': 8}",0.5833333333333334,0.5833333333333334,0.48333333333333334,0.5333333333333333,0.43333333333333335,0.5233333333333334,0.058309518948453015,442
0.000403594970703125,1.8182445492684954e-06,0.00035367012023925783,1.456860429414017e-05,1,9,"{'max_depth': 1, 'min_samples_split': 9}",0.5833333333333334,0.5833333333333334,0.48333333333333334,0.5333333333333333,0.43333333333333335,0.5233333333333334,0.058309518948453015,442
0.00041513442993164064,1.0159429424465763e-05,0.00034775733947753904,9.05563856309184e-06,1,10,"{'max_depth': 1, 'min_samples_split': 10}",0.5833333333333334,0.5833333333333334,0.48333333333333334,0.5333333333333333,0.43333333333333335,0.5233333333333334,0.058309518948453015,442
0.00047054290771484373,4.742303162875599e-05,0.00038828849792480467,4.899524424145667e-05,2,2,"{'max_depth': 2, 'min_samples_split': 2}",0.5833333333333334,0.5333333333333333,0.55,0.7,0.5166666666666667,0.5766666666666667,0.0654896090146283,433
0.0004364967346191406,9.585968766568551e-06,0.0003547191619873047,1.048543117968071e-05,2,3,"{'max_depth': 2, 'min_samples_split': 3}",0.5833333333333334,0.5333333333333333,0.55,0.7,0.5166666666666667,0.5766666666666667,0.0654896090146283,433
0.00044641494750976565,1.91250342937865e-05,0.0003563880920410156,9.377339454286357e-06,2,4,"{'max_depth': 2, 'min_samples_split': 4}",0.5833333333333334,0.5333333333333333,0.55,0.7,0.5166666666666667,0.5766666666666667,0.0654896090146283,433
0.0004428863525390625,2.3932570502602266e-05,0.0003747463226318359,5.078895517841844e-05,2,5,"{'max_depth': 2, 'min_samples_split': 5}",0.5833333333333334,0.5333333333333333,0.55,0.7,0.5166666666666667,0.5766666666666667,0.0654896090146283,433
0.0004811286926269531,7.952037026920666e-05,0.00039548873901367186,7.530667364682548e-05,2,6,"{'max_depth': 2, 'min_samples_split': 6}",0.5833333333333334,0.5333333333333333,0.55,0.7,0.5166666666666667,0.5766666666666667,0.0654896090146283,433
0.00042939186096191406,6.775451650774918e-06,0.00036411285400390626,2.8490132353926816e-05,2,7,"{'max_depth': 2, 'min_samples_split': 7}",0.5833333333333334,0.5333333333333333,0.55,0.7,0.5166666666666667,0.5766666666666667,0.0654896090146283,433
0.0004363059997558594,9.645792242805697e-06,0.00034999847412109375,7.328414708495379e-06,2,8,"{'max_depth': 2, 'min_samples_split': 8}",0.5833333333333334,0.5333333333333333,0.55,0.7,0.5166666666666667,0.5766666666666667,0.0654896090146283,433
0.0005347728729248047,0.0001867832076204029,0.00037446022033691404,2.6275674502024805e-05,2,9,"{'max_depth': 2, 'min_samples_split': 9}",0.5833333333333334,0.5333333333333333,0.55,0.7,0.5166666666666667,0.5766666666666667,0.0654896090146283,433
0.0004322528839111328,6.577933599303588e-06,0.0003608226776123047,1.5080875060779706e-05,2,10,"{'max_depth': 2, 'min_samples_split': 10}",0.5833333333333334,0.5333333333333333,0.55,0.7,0.5166666666666667,0.5766666666666667,0.0654896090146283,433
0.00044903755187988283,3.3670241248912294e-06,0.000353240966796875,7.624326453124677e-06,3,2,"{'max_depth': 3, 'min_samples_split': 2}",0.55,0.7333333333333333,0.7166666666666667,0.7833333333333333,0.7166666666666667,0.7,0.07888106377466153,424
0.0004677772521972656,2.4876553870137333e-05,0.0003707408905029297,3.4912817120880955e-05,3,3,"{'max_depth': 3, 'min_samples_split': 3}",0.55,0.7333333333333333,0.7166666666666667,0.7833333333333333,0.7166666666666667,0.7,0.07888106377466153,424
0.0004477500915527344,3.8355021576290525e-06,0.0003552436828613281,1.0397893184355032e-05,3,4,"{'max_depth': 3, 'min_samples_split': 4}",0.55,0.7333333333333333,0.7166666666666667,0.7833333333333333,0.7166666666666667,0.7,0.07888106377466153,424
0.0004555702209472656,7.598636136969209e-06,0.00038051605224609375,4.608995592928555e-05,3,5,"{'max_depth': 3, 'min_samples_split': 5}",0.55,0.7333333333333333,0.7166666666666667,0.7833333333333333,0.7166666666666667,0.7,0.07888106377466153,424
0.00045185089111328126,1.1356735607489458e-05,0.00042934417724609374,0.0001385105985833692,3,6,"{'max_depth': 3, 'min_samples_split': 6}",0.55,0.7333333333333333,0.7166666666666667,0.7833333333333333,0.7166666666666667,0.7,0.07888106377466153,424
0.0004912376403808594,4.571637553830823e-05,0.00037274360656738283,1.4592775249181132e-05,3,7,"{'max_depth': 3, 'min_samples_split': 7}",0.55,0.7333333333333333,0.7166666666666667,0.7833333333333333,0.7166666666666667,0.7,0.07888106377466153,424
0.00045566558837890626,8.566363289783402e-06,0.0003622531890869141,9.492054183954868e-06,3,8,"{'max_depth': 3, 'min_samples_split': 8}",0.55,0.7333333333333333,0.7166666666666667,0.7833333333333333,0.7166666666666667,0.7,0.07888106377466153,424
0.0004827022552490234,4.196995956728151e-05,0.00038299560546875,4.418755034570476e-05,3,9,"{'max_depth': 3, 'min_samples_split': 9}",0.55,0.7333333333333333,0.7166666666666667,0.7833333333333333,0.7166666666666667,0.7,0.07888106377466153,424
0.0005136966705322265,4.9217726161313955e-05,0.00038461685180664064,6.087464595341208e-05,3,10,"{'max_depth': 3, 'min_samples_split': 10}",0.55,0.7333333333333333,0.7166666666666667,0.7833333333333333,0.7166666666666667,0.7,0.07888106377466153,424
0.0004761219024658203,1.1533152220199417e-05,0.00036439895629882815,2.4228583539124173e-05,4,2,"{'max_depth': 4, 'min_samples_split': 2}",0.7666666666666667,0.8,0.8333333333333334,0.9333333333333333,0.8666666666666667,0.8400000000000002,0.0573488351136175,415
0.0006313323974609375,0.00013742906852611997,0.00041370391845703126,9.670692543163762e-05,4,3,"{'max_depth': 4, 'min_samples_split': 3}",0.7666666666666667,0.8,0.8333333333333334,0.9333333333333333,0.8666666666666667,0.8400000000000002,0.0573488351136175,415
0.0004985332489013672,3.839146228428481e-05,0.00037627220153808595,4.544395712883856e-05,4,4,"{'max_depth': 4, 'min_samples_split': 4}",0.7666666666666667,0.8,0.8333333333333334,0.9333333333333333,0.8666666666666667,0.8400000000000002,0.0573488351136175,415
0.0004710674285888672,7.232222362383578e-06,0.0003625392913818359,1.113044566951384e-05,4,5,"{'max_depth': 4, 'min_samples_split': 5}",0.7666666666666667,0.8,0.8333333333333334,0.9333333333333333,0.8666666666666667,0.8400000000000002,0.0573488351136175,415
0.000499105453491211,5.9603042581005276e-05,0.00036687850952148436,1.7576737688539847e-05,4,6,"{'max_depth': 4, 'min_samples_split': 6}",0.7666666666666667,0.8,0.8333333333333334,0.9333333333333333,0.8666666666666667,0.8400000000000002,0.0573488351136175,415
0.00047483444213867185,1.595631369754034e-05,0.0003931999206542969,4.530740970543407e-05,4,7,"{'max_depth': 4, 'min_samples_split': 7}",0.7666666666666667,0.8,0.8333333333333334,0.9333333333333333,0.8666666666666667,0.8400000000000002,0.0573488351136175,415
0.0004758358001708984,1.5098053006227586e-05,0.00035600662231445314,8.271990926487181e-06,4,8,"{'max_depth': 4, 'min_samples_split': 8}",0.7666666666666667,0.8,0.8333333333333334,0.9333333333333333,0.8666666666666667,0.8400000000000002,0.0573488351136175,415
0.0004987239837646485,2.989065431257158e-05,0.0003921985626220703,5.4463278984374167e-05,4,9,"{'max_depth': 4, 'min_samples_split': 9}",0.7666666666666667,0.8,0.8333333333333334,0.9333333333333333,0.8666666666666667,0.8400000000000002,0.0573488351136175,415
0.0006264209747314453,0.00020147301578988193,0.0004922866821289063,0.00015718851395901868,4,10,"{'max_depth': 4, 'min_samples_split': 10}",0.7666666666666667,0.8,0.8333333333333334,0.9333333333333333,0.8666666666666667,0.8400000000000002,0.0573488351136175,415
0.0004907608032226563,1.5467174478693615e-05,0.0003573894500732422,9.68695596435856e-06,5,2,"{'max_depth': 5, 'min_samples_split': 2}",0.7833333333333333,1.0,0.9666666666666667,0.95,0.9833333333333333,0.9366666666666668,0.0784573486395988,406
0.0004961013793945313,2.0195841006432175e-05,0.00037302970886230467,3.470136348283571e-05,5,3,"{'max_depth': 5, 'min_samples_split': 3}",0.7833333333333333,1.0,0.9666666666666667,0.95,0.9833333333333333,0.9366666666666668,0.0784573486395988,406
0.0005827903747558594,0.00013027472164871045,0.0003644466400146484,3.033508932419404e-05,5,4,"{'max_depth': 5, 'min_samples_split': 4}",0.7833333333333333,1.0,0.9666666666666667,0.95,0.9833333333333333,0.9366666666666668,0.0784573486395988,406
0.0005148887634277344,3.6921362905577254e-05,0.0003623485565185547,1.1839012986318832e-05,5,5,"{'max_depth': 5, 'min_samples_split': 5}",0.7833333333333333,1.0,0.9666666666666667,0.95,0.9833333333333333,0.9366666666666668,0.0784573486395988,406
0.0004902839660644531,2.0747951339099806e-05,0.00036678314208984377,3.6084508202464664e-05,5,6,"{'max_depth': 5, 'min_samples_split': 6}",0.7833333333333333,1.0,0.9666666666666667,0.95,0.9833333333333333,0.9366666666666668,0.0784573486395988,406
0.0004895210266113281,1.1114909483001906e-05,0.00036292076110839845,1.8340820875787846e-05,5,7,"{'max_depth': 5, 'min_samples_split': 7}",0.7833333333333333,1.0,0.9666666666666667,0.95,0.9833333333333333,0.9366666666666668,0.0784573486395988,406
0.0005168914794921875,3.20422507240661e-05,0.00036497116088867186,1.583242984369856e-05,5,8,"{'max_depth': 5, 'min_samples_split': 8}",0.7833333333333333,1.0,0.9666666666666667,0.95,0.9833333333333333,0.9366666666666668,0.0784573486395988,406
0.0004937171936035157,1.667185280071848e-05,0.0003556728363037109,9.178836620113423e-06,5,9,"{'max_depth': 5, 'min_samples_split': 9}",0.7833333333333333,1.0,0.9666666666666667,0.95,0.9833333333333333,0.9366666666666668,0.0784573486395988,406
0.0004961490631103516,1.7852441874118463e-05,0.0003521442413330078,2.5005551532987393e-06,5,10,"{'max_depth': 5, 'min_samples_split': 10}",0.7833333333333333,1.0,0.9666666666666667,0.95,0.9833333333333333,0.9366666666666668,0.0784573486395988,406
0.0005430221557617187,8.810598509119679e-05,0.0003845691680908203,2.9823105241260353e-05,6,2,"{'max_depth': 6, 'min_samples_split': 2}",0.9833333333333333,1.0,0.9666666666666667,0.95,0.9833333333333333,0.9766666666666668,0.016996731711975955,397
0.0005819797515869141,8.705471706975868e-05,0.0003734588623046875,3.5471877418432255e-05,6,3,"{'max_depth': 6, 'min_samples_split': 3}",0.9833333333333333,1.0,0.9666666666666667,0.95,0.9833333333333333,0.9766666666666668,0.016996731711975955,397
0.0005125522613525391,2.829794524560029e-05,0.0003582954406738281,9.06291710858668e-06,6,4,"{'max_depth': 6, 'min_samples_split': 4}",0.9833333333333333,1.0,0.9666666666666667,0.95,0.9833333333333333,0.9766666666666668,0.016996731711975955,397
0.0006827831268310547,0.00016831253437383386,0.000426483154296875,8.634695448618031e-05,6,5,"{'max_depth': 6, 'min_samples_split': 5}",0.9833333333333333,1.0,0.9666666666666667,0.95,0.9833333333333333,0.9766666666666668,0.016996731711975955,397
0.0005190849304199218,1.697727793077732e-05,0.0003586292266845703,1.135373205407746e-05,6,6,"{'max_depth': 6, 'min_samples_split': 6}",0.9833333333333333,1.0,0.9666666666666667,0.95,0.9833333333333333,0.9766666666666668,0.016996731711975955,397
0.0004940986633300781,1.670468847133825e-05,0.0003749847412109375,3.5632213005579764e-06,6,7,"{'max_depth': 6, 'min_samples_split': 7}",0.9833333333333333,1.0,0.9666666666666667,0.95,0.9833333333333333,0.9766666666666668,0.016996731711975955,397
0.0005390644073486328,7.066205426346856e-05,0.0004023075103759766,5.8300748210347304e-05,6,8,"{'max_depth': 6, 'min_samples_split': 8}",0.9833333333333333,1.0,0.9666666666666667,0.95,0.9833333333333333,0.9766666666666668,0.016996731711975955,397
0.000533151626586914,6.10601850689946e-05,0.0003710269927978516,1.32371918941886e-05,6,9,"{'max_depth': 6, 'min_samples_split': 9}",0.9833333333333333,1.0,0.9666666666666667,0.95,0.9833333333333333,0.9766666666666668,0.016996731711975955,397
0.0005176067352294922,2.1715208161602296e-05,0.00036439895629882815,1.1912915397359612e-05,6,10,"{'max_depth': 6, 'min_samples_split': 10}",0.9833333333333333,1.0,0.9666666666666667,0.95,0.9833333333333333,0.9766666666666668,0.016996731711975955,397
0.0006066322326660156,0.00012872471456284695,0.000395965576171875,3.7053775742067505e-05,7,2,"{'max_depth': 7, 'min_samples_split': 2}",1.0,1.0,0.9666666666666667,0.95,0.9833333333333333,0.9800000000000001,0.01943650631615101,1
0.0006523609161376953,0.00014138534536005403,0.00048775672912597655,0.00010681273681087671,7,3,"{'max_depth': 7, 'min_samples_split': 3}",1.0,1.0,0.9666666666666667,0.95,0.9833333333333333,0.9800000000000001,0.01943650631615101,1
0.0006457328796386719,0.0001070964580482423,0.0004748821258544922,4.4434059777278723e-05,7,4,"{'max_depth': 7, 'min_samples_split': 4}",1.0,1.0,0.9666666666666667,0.95,0.9833333333333333,0.9800000000000001,0.01943650631615101,1
0.0005791187286376953,4.0196552245617975e-05,0.0004307746887207031,2.6185003594540214e-05,7,5,"{'max_depth': 7, 'min_samples_split': 5}",1.0,1.0,0.9666666666666667,0.95,0.9833333333333333,0.9800000000000001,0.01943650631615101,1
0.0005527019500732421,2.795396582495538e-05,0.0003890514373779297,1.2487672383834638e-05,7,6,"{'max_depth': 7, 'min_samples_split': 6}",1.0,1.0,0.9666666666666667,0.95,0.9833333333333333,0.9800000000000001,0.01943650631615101,1
0.0005619525909423828,3.514098986510963e-05,0.00043215751647949217,8.82466490971813e-05,7,7,"{'max_depth': 7, 'min_samples_split': 7}",1.0,1.0,0.9666666666666667,0.95,0.9833333333333333,0.9800000000000001,0.01943650631615101,1
0.0005057811737060547,1.0406199434308076e-05,0.0003659248352050781,1.0255214275650828e-05,7,8,"{'max_depth': 7, 'min_samples_split': 8}",1.0,1.0,0.9666666666666667,0.95,0.9833333333333333,0.9800000000000001,0.01943650631615101,1
0.0004962444305419922,1.5158322514576361e-05,0.0003902435302734375,1.2962079452465253e-05,7,9,"{'max_depth': 7, 'min_samples_split': 9}",1.0,1.0,0.9666666666666667,0.95,0.9833333333333333,0.9800000000000001,0.01943650631615101,1
0.0005164146423339844,1.556272595280566e-05,0.0004086494445800781,5.161638346500142e-05,7,10,"{'max_depth': 7, 'min_samples_split': 10}",1.0,1.0,0.9666666666666667,0.95,0.9833333333333333,0.9800000000000001,0.01943650631615101,1
0.000496816635131836,1.6138947926281937e-05,0.000372314453125,9.448838415357704e-06,8,2,"{'max_depth': 8, 'min_samples_split': 2}",1.0,1.0,0.9666666666666667,0.95,0.9833333333333333,0.9800000000000001,0.01943650631615101,1
0.0004967689514160156,1.7150633486081253e-05,0.00036220550537109376,9.955967058639887e-06,8,3,"{'max_depth': 8, 'min_samples_split': 3}",1.0,1.0,0.9666666666666667,0.95,0.9833333333333333,0.9800000000000001,0.01943650631615101,1
0.0005588054656982422,0.00011517827589963402,0.0004112720489501953,4.048148084028061e-05,8,4,"{'max_depth': 8, 'min_samples_split': 4}",1.0,1.0,0.9666666666666667,0.95,0.9833333333333333,0.9800000000000001,0.01943650631615101,1
0.0005058765411376954,1.8640247004581794e-05,0.0003718852996826172,7.755606494772192e-06,8,5,"{'max_depth': 8, 'min_samples_split': 5}",1.0,1.0,0.9666666666666667,0.95,0.9833333333333333,0.9800000000000001,0.01943650631615101,1
0.0005224227905273437,2.39091876143638e-05,0.0003592967987060547,8.572465917298978e-06,8,6,"{'max_depth': 8, 'min_samples_split': 6}",1.0,1.0,0.9666666666666667,0.95,0.9833333333333333,0.9800000000000001,0.01943650631615101,1
0.0005338668823242187,6.347478149969124e-05,0.0003566741943359375,6.099043638351243e-06,8,7,"{'max_depth': 8, 'min_samples_split': 7}",1.0,1.0,0.9666666666666667,0.95,0.9833333333333333,0.9800000000000001,0.01943650631615101,1
0.0004962921142578125,2.5313541774850453e-05,0.00037975311279296874,1.2841358354101394e-05,8,8,"{'max_depth': 8, 'min_samples_split': 8}",1.0,1.0,0.9666666666666667,0.95,0.9833333333333333,0.9800000000000001,0.01943650631615101,1
0.0004998683929443359,1.9130977769417666e-05,0.00036993026733398435,1.7105498764458103e-05,8,9,"{'max_depth': 8, 'min_samples_split': 9}",1.0,1.0,0.9666666666666667,0.95,0.9833333333333333,0.9800000000000001,0.01943650631615101,1
0.0004917621612548828,1.2775854830643568e-05,0.00038709640502929685,1.6540545599037033e-05,8,10,"{'max_depth': 8, 'min_samples_split': 10}",1.0,1.0,0.9666666666666667,0.95,0.9833333333333333,0.9800000000000001,0.01943650631615101,1
0.0005045890808105469,8.756942718779451e-06,0.0003717899322509766,2.2540632648584393e-05,9,2,"{'max_depth': 9, 'min_samples_split': 2}",1.0,1.0,0.9666666666666667,0.95,0.9833333333333333,0.9800000000000001,0.01943650631615101,1
0.0004984855651855469,2.8699259517844386e-05,0.0004057884216308594,5.515874501025099e-05,9,3,"{'max_depth': 9, 'min_samples_split': 3}",1.0,1.0,0.9666666666666667,0.95,0.9833333333333333,0.9800000000000001,0.01943650631615101,1
0.0005080699920654297,1.6000711188852803e-05,0.00037064552307128904,1.3588269458633467e-05,9,4,"{'max_depth': 9, 'min_samples_split': 4}",1.0,1.0,0.9666666666666667,0.95,0.9833333333333333,0.9800000000000001,0.01943650631615101,1
0.000511932373046875,2.2567247355509904e-05,0.00040454864501953124,5.745252597890208e-05,9,5,"{'max_depth': 9, 'min_samples_split': 5}",1.0,1.0,0.9666666666666667,0.95,0.9833333333333333,0.9800000000000001,0.01943650631615101,1
0.0004986763000488281,1.9568109562932477e-05,0.00040225982666015626,7.343406800206236e-05,9,6,"{'max_depth': 9, 'min_samples_split': 6}",1.0,1.0,0.9666666666666667,0.95,0.9833333333333333,0.9800000000000001,0.01943650631615101,1
0.000524139404296875,1.783434718823539e-05,0.0003627777099609375,9.936764679611667e-06,9,7,"{'max_depth': 9, 'min_samples_split': 7}",1.0,1.0,0.9666666666666667,0.95,0.9833333333333333,0.9800000000000001,0.01943650631615101,1
0.000538778305053711,5.953620796455806e-05,0.00037517547607421873,1.6939870744190626e-05,9,8,"{'max_depth': 9, 'min_samples_split': 8}",1.0,1.0,0.9666666666666667,0.95,0.9833333333333333,0.9800000000000001,0.01943650631615101,1
0.0005127906799316407,2.233787424324863e-05,0.0003807544708251953,3.293043076383008e-05,9,9,"{'max_depth': 9, 'min_samples_split': 9}",1.0,1.0,0.9666666666666667,0.95,0.9833333333333333,0.9800000000000001,0.01943650631615101,1
0.0004915237426757812,8.74525068091736e-06,0.00037980079650878906,9.966923236443034e-06,9,10,"{'max_depth': 9, 'min_samples_split': 10}",1.0,1.0,0.9666666666666667,0.95,0.9833333333333333,0.9800000000000001,0.01943650631615101,1
0.0005076408386230468,8.271990926487181e-06,0.00039844512939453126,5.2435265357788255e-05,10,2,"{'max_depth': 10, 'min_samples_split': 2}",1.0,1.0,0.9666666666666667,0.95,0.9833333333333333,0.9800000000000001,0.01943650631615101,1
0.000519704818725586,3.327195979466015e-05,0.00038504600524902344,3.6808925474654584e-05,10,3,"{'max_depth': 10, 'min_samples_split': 3}",1.0,1.0,0.9666666666666667,0.95,0.9833333333333333,0.9800000000000001,0.01943650631615101,1
0.0004999160766601563,2.262359914712363e-05,0.0003462791442871094,6.055268689494761e-06,10,4,"{'max_depth': 10, 'min_samples_split': 4}",1.0,1.0,0.9666666666666667,0.95,0.9833333333333333,0.9800000000000001,0.01943650631615101,1
0.000545501708984375,5.134564274986468e-05,0.0003771781921386719,5.640582508136551e-05,10,5,"{'max_depth': 10, 'min_samples_split': 5}",1.0,1.0,0.9666666666666667,0.95,0.9833333333333333,0.9800000000000001,0.01943650631615101,1
0.0004820823669433594,1.6614200010475488e-05,0.000356292724609375,1.1539656266981407e-05,10,6,"{'max_depth': 10, 'min_samples_split': 6}",1.0,1.0,0.9666666666666667,0.95,0.9833333333333333,0.9800000000000001,0.01943650631615101,1
0.00048527717590332033,1.3547211368793181e-05,0.00036892890930175783,2.5706609176653227e-05,10,7,"{'max_depth': 10, 'min_samples_split': 7}",1.0,1.0,0.9666666666666667,0.95,0.9833333333333333,0.9800000000000001,0.01943650631615101,1
0.0004859447479248047,1.6545218729685167e-05,0.0003535747528076172,1.7711788729798786e-05,10,8,"{'max_depth': 10, 'min_samples_split': 8}",1.0,1.0,0.9666666666666667,0.95,0.9833333333333333,0.9800000000000001,0.01943650631615101,1
0.0006734848022460938,0.0002381468846060979,0.0003928661346435547,5.0060271635421084e-05,10,9,"{'max_depth': 10, 'min_samples_split': 9}",1.0,1.0,0.9666666666666667,0.95,0.9833333333333333,0.9800000000000001,0.01943650631615101,1
0.0005046844482421875,1.8205190586013452e-05,0.0003551959991455078,8.880443997387214e-06,10,10,"{'max_depth': 10, 'min_samples_split': 10}",1.0,1.0,0.9666666666666667,0.95,0.9833333333333333,0.9800000000000001,0.01943650631615101,1
0.0004822254180908203,1.3166751025915493e-05,0.0003455162048339844,6.975526255763909e-07,11,2,"{'max_depth': 11, 'min_samples_split': 2}",1.0,1.0,0.9666666666666667,0.95,0.9833333333333333,0.9800000000000001,0.01943650631615101,1
0.0005191802978515625,8.255807137772469e-05,0.0003925323486328125,7.267983812803723e-05,11,3,"{'max_depth': 11, 'min_samples_split': 3}",1.0,1.0,0.9666666666666667,0.95,0.9833333333333333,0.9800000000000001,0.01943650631615101,1
0.0004985332489013672,2.2326471030465106e-05,0.0003483295440673828,6.377864104603846e-06,11,4,"{'max_depth': 11, 'min_samples_split': 4}",1.0,1.0,0.9666666666666667,0.95,0.9833333333333333,0.9800000000000001,0.01943650631615101,1
0.0004978656768798828,2.4332902535480515e-05,0.00036687850952148436,3.327537651556966e-05,11,5,"{'max_depth': 11, 'min_samples_split': 5}",1.0,1.0,0.9666666666666667,0.95,0.9833333333333333,0.9800000000000001,0.01943650631615101,1
0.0005424022674560547,6.241669081593386e-05,0.0003920078277587891,6.455755274444102e-05,11,6,"{'max_depth': 11, 'min_samples_split': 6}",1.0,1.0,0.9666666666666667,0.95,0.9833333333333333,0.9800000000000001,0.01943650631615101,1
0.00048317909240722654,1.622480035258235e-05,0.0003673553466796875,2.694083525671316e-05,11,7,"{'max_depth': 11, 'min_samples_split': 7}",1.0,1.0,0.9666666666666667,0.95,0.9833333333333333,0.9800000000000001,0.01943650631615101,1
0.0004955291748046875,1.7600782307738085e-05,0.00036864280700683595,2.7129226767256297e-05,11,8,"{'max_depth': 11, 'min_samples_split': 8}",1.0,1.0,0.9666666666666667,0.95,0.9833333333333333,0.9800000000000001,0.01943650631615101,1
0.0005703449249267578,0.0001336680447904955,0.00036101341247558595,1.6552088583878714e-05,11,9,"{'max_depth': 11, 'min_samples_split': 9}",1.0,1.0,0.9666666666666667,0.95,0.9833333333333333,0.9800000000000001,0.01943650631615101,1
0.0004969596862792969,2.309073783938836e-05,0.00037994384765625,4.371964898837264e-05,11,10,"{'max_depth': 11, 'min_samples_split': 10}",1.0,1.0,0.9666666666666667,0.95,0.9833333333333333,0.9800000000000001,0.01943650631615101,1
0.00047736167907714845,1.1188311010984499e-05,0.0003619194030761719,9.516456006783163e-06,12,2,"{'max_depth': 12, 'min_samples_split': 2}",1.0,1.0,0.9666666666666667,0.95,0.9833333333333333,0.9800000000000001,0.01943650631615101,1
0.0005642890930175782,0.00015937217564156902,0.00035262107849121094,9.997673115522672e-06,12,3,"{'max_depth': 12, 'min_samples_split': 3}",1.0,1.0,0.9666666666666667,0.95,0.9833333333333333,0.9800000000000001,0.01943650631615101,1
0.0005132198333740234,2.436054592901846e-05,0.0003539085388183594,8.165758021181024e-06,12,4,"{'max_depth': 12, 'min_samples_split': 4}",1.0,1.0,0.9666666666666667,0.95,0.9833333333333333,0.9800000000000001,0.01943650631615101,1
0.0004961967468261718,1.1605279958365677e-05,0.00035028457641601564,1.5553957395839778e-06,12,5,"{'max_depth': 12, 'min_samples_split': 5}",1.0,1.0,0.9666666666666667,0.95,0.9833333333333333,0.9800000000000001,0.01943650631615101,1
0.0005275249481201172,4.518081770449967e-05,0.0003987789154052734,6.347428000225304e-05,12,6,"{'max_depth': 12, 'min_samples_split': 6}",1.0,1.0,0.9666666666666667,0.95,0.9833333333333333,0.9800000000000001,0.01943650631615101,1
0.000495290756225586,1.82838294691557e-05,0.00035877227783203124,9.301869621380829e-06,12,7,"{'max_depth': 12, 'min_samples_split': 7}",1.0,1.0,0.9666666666666667,0.95,0.9833333333333333,0.9800000000000001,0.01943650631615101,1
0.0004917621612548828,8.643257187173614e-06,0.0003602027893066406,1.8342680352128698e-05,12,8,"{'max_depth': 12, 'min_samples_split': 8}",1.0,1.0,0.9666666666666667,0.95,0.9833333333333333,0.9800000000000001,0.01943650631615101,1
0.0005089759826660157,3.519025921350243e-05,0.0004257678985595703,0.0001357341407148509,12,9,"{'max_depth': 12, 'min_samples_split': 9}",1.0,1.0,0.9666666666666667,0.95,0.9833333333333333,0.9800000000000001,0.01943650631615101,1
0.0004983901977539063,2.3009356973252166e-05,0.0003748893737792969,1.7300451190834677e-05,12,10,"{'max_depth': 12, 'min_samples_split': 10}",1.0,1.0,0.9666666666666667,0.95,0.9833333333333333,0.9800000000000001,0.01943650631615101,1
0.0004863739013671875,1.3404977273490108e-05,0.0003612518310546875,1.4430450683119e-05,13,2,"{'max_depth': 13, 'min_samples_split': 2}",1.0,1.0,0.9666666666666667,0.95,0.9833333333333333,0.9800000000000001,0.01943650631615101,1
0.000547027587890625,9.516439281889719e-05,0.00039224624633789064,5.6075603781762307e-05,13,3,"{'max_depth': 13, 'min_samples_split': 3}",1.0,1.0,0.9666666666666667,0.95,0.9833333333333333,0.9800000000000001,0.01943650631615101,1
0.000492095947265625,2.48001167754094e-05,0.0003525257110595703,6.287383176851902e-06,13,4,"{'max_depth': 13, 'min_samples_split': 4}",1.0,1.0,0.9666666666666667,0.95,0.9833333333333333,0.9800000000000001,0.01943650631615101,1
0.0004978656768798828,1.3247494014118452e-05,0.0003558158874511719,7.354121459489717e-06,13,5,"{'max_depth': 13, 'min_samples_split': 5}",1.0,1.0,0.9666666666666667,0.95,0.9833333333333333,0.9800000000000001,0.01943650631615101,1
0.0005482196807861328,7.105939260360764e-05,0.00037598609924316406,4.96229197819179e-05,13,6,"{'max_depth': 13, 'min_samples_split': 6}",1.0,1.0,0.9666666666666667,0.95,0.9833333333333333,0.9800000000000001,0.01943650631615101,1
0.0004971027374267578,1.9920724779763233e-05,0.00040502548217773436,5.815016925199902e-05,13,7,"{'max_depth': 13, 'min_samples_split': 7}",1.0,1.0,0.9666666666666667,0.95,0.9833333333333333,0.9800000000000001,0.01943650631615101,1
0.00048465728759765624,1.2275570441460048e-05,0.0003772735595703125,4.539795272226569e-05,13,8,"{'max_depth': 13, 'min_samples_split': 8}",1.0,1.0,0.9666666666666667,0.95,0.9833333333333333,0.9800000000000001,0.01943650631615101,1
0.0005589485168457031,9.926835768355316e-05,0.00036611557006835935,2.812757270233698e-05,13,9,"{'max_depth': 13, 'min_samples_split': 9}",1.0,1.0,0.9666666666666667,0.95,0.9833333333333333,0.9800000000000001,0.01943650631615101,1
0.0004950523376464844,1.1938654119637792e-05,0.0003594398498535156,1.3666688678300879e-05,13,10,"{'max_depth': 13, 'min_samples_split': 10}",1.0,1.0,0.9666666666666667,0.95,0.9833333333333333,0.9800000000000001,0.01943650631615101,1
0.0004885673522949218,1.3900764163839207e-05,0.0003592967987060547,1.1945698753449814e-05,14,2,"{'max_depth': 14, 'min_samples_split': 2}",1.0,1.0,0.9666666666666667,0.95,0.9833333333333333,0.9800000000000001,0.01943650631615101,1
0.0005506992340087891,6.96736272078071e-05,0.00036644935607910156,1.828345639195827e-05,14,3,"{'max_depth': 14, 'min_samples_split': 3}",1.0,1.0,0.9666666666666667,0.95,0.9833333333333333,0.9800000000000001,0.01943650631615101,1
0.0004992008209228516,1.3422267245167281e-05,0.0003909587860107422,5.203174006041402e-05,14,4,"{'max_depth': 14, 'min_samples_split': 4}",1.0,1.0,0.9666666666666667,0.95,0.9833333333333333,0.9800000000000001,0.01943650631615101,1
0.000504446029663086,2.448009709836136e-05,0.00035119056701660156,2.800784140699084e-06,14,5,"{'max_depth': 14, 'min_samples_split': 5}",1.0,1.0,0.9666666666666667,0.95,0.9833333333333333,0.9800000000000001,0.01943650631615101,1
0.0005126476287841796,4.0715974292697734e-05,0.0003634452819824219,1.5952750859227756e-05,14,6,"{'max_depth': 14, 'min_samples_split': 6}",1.0,1.0,0.9666666666666667,0.95,0.9833333333333333,0.9800000000000001,0.01943650631615101,1
0.0005360603332519531,7.657826612782813e-05,0.00038661956787109373,5.3518593329598274e-05,14,7,"{'max_depth': 14, 'min_samples_split': 7}",1.0,1.0,0.9666666666666667,0.95,0.9833333333333333,0.9800000000000001,0.01943650631615101,1
0.0005234718322753906,5.32558158366692e-05,0.0003581047058105469,1.6000000661922956e-05,14,8,"{'max_depth': 14, 'min_samples_split': 8}",1.0,1.0,0.9666666666666667,0.95,0.9833333333333333,0.9800000000000001,0.01943650631615101,1
0.0005083084106445312,4.255033610700823e-05,0.0003544330596923828,7.210496836338633e-06,14,9,"{'max_depth': 14, 'min_samples_split': 9}",1.0,1.0,0.9666666666666667,0.95,0.9833333333333333,0.9800000000000001,0.01943650631615101,1
0.000534963607788086,4.530239096190371e-05,0.00038552284240722656,5.5669385293208584e-05,14,10,"{'max_depth': 14, 'min_samples_split': 10}",1.0,1.0,0.9666666666666667,0.95,0.9833333333333333,0.9800000000000001,0.01943650631615101,1
0.0005314826965332031,7.609361932305317e-05,0.0003589630126953125,9.261694920354142e-06,15,2,"{'max_depth': 15, 'min_samples_split': 2}",1.0,1.0,0.9666666666666667,0.95,0.9833333333333333,0.9800000000000001,0.01943650631615101,1
0.0004920482635498047,1.8134487633803287e-05,0.00035305023193359374,5.349084343864501e-06,15,3,"{'max_depth': 15, 'min_samples_split': 3}",1.0,1.0,0.9666666666666667,0.95,0.9833333333333333,0.9800000000000001,0.01943650631615101,1
0.0005037784576416016,2.291647831084072e-05,0.0004105091094970703,0.00011407768700132756,15,4,"{'max_depth': 15, 'min_samples_split': 4}",1.0,1.0,0.9666666666666667,0.95,0.9833333333333333,0.9800000000000001,0.01943650631615101,1
0.0006257057189941406,0.0002489054613848915,0.00035552978515625,3.7009445022453794e-06,15,5,"{'max_depth': 15, 'min_samples_split': 5}",1.0,1.0,0.9666666666666667,0.95,0.9833333333333333,0.9800000000000001,0.01943650631615101,1
0.0005036830902099609,2.0020688237217425e-05,0.0003531455993652344,6.011553208193977e-06,15,6,"{'max_depth': 15, 'min_samples_split': 6}",1.0,1.0,0.9666666666666667,0.95,0.9833333333333333,0.9800000000000001,0.01943650631615101,1
0.0005015850067138672,2.3048751598570043e-05,0.0003697395324707031,2.0974006408577234e-05,15,7,"{'max_depth': 15, 'min_samples_split': 7}",1.0,1.0,0.9666666666666667,0.95,0.9833333333333333,0.9800000000000001,0.01943650631615101,1
0.0005119800567626953,3.366436566407696e-05,0.0003589630126953125,1.3712364298126533e-05,15,8,"{'max_depth': 15, 'min_samples_split': 8}",1.0,1.0,0.9666666666666667,0.95,0.9833333333333333,0.9800000000000001,0.01943650631615101,1
0.0004882335662841797,1.0419082858083848e-05,0.0003704547882080078,1.8368693256114594e-05,15,9,"{'max_depth': 15, 'min_samples_split': 9}",1.0,1.0,0.9666666666666667,0.95,0.9833333333333333,0.9800000000000001,0.01943650631615101,1
0.0004897117614746094,1.1842469464321431e-05,0.00035657882690429685,1.0301889960093875e-05,15,10,"{'max_depth': 15, 'min_samples_split': 10}",1.0,1.0,0.9666666666666667,0.95,0.9833333333333333,0.9800000000000001,0.01943650631615101,1
0.0005517959594726563,9.416714161798323e-05,0.0003856658935546875,4.155837588684414e-05,16,2,"{'max_depth': 16, 'min_samples_split': 2}",1.0,1.0,0.9666666666666667,0.95,0.9833333333333333,0.9800000000000001,0.01943650631615101,1
0.0005320549011230469,4.31611650135504e-05,0.00039696693420410156,8.148950325526453e-05,16,3,"{'max_depth': 16, 'min_samples_split': 3}",1.0,1.0,0.9666666666666667,0.95,0.9833333333333333,0.9800000000000001,0.01943650631615101,1
0.0005446434020996094,8.591073330369155e-05,0.00036482810974121095,1.811190482828818e-05,16,4,"{'max_depth': 16, 'min_samples_split': 4}",1.0,1.0,0.9666666666666667,0.95,0.9833333333333333,0.9800000000000001,0.01943650631615101,1
0.0005783557891845704,8.901227935672473e-05,0.0004489421844482422,0.00018529139762135348,16,5,"{'max_depth': 16, 'min_samples_split': 5}",1.0,1.0,0.9666666666666667,0.95,0.9833333333333333,0.9800000000000001,0.01943650631615101,1
0.0004944801330566406,1.5893777191637952e-05,0.00036106109619140627,1.444320782486175e-05,16,6,"{'max_depth': 16, 'min_samples_split': 6}",1.0,1.0,0.9666666666666667,0.95,0.9833333333333333,0.9800000000000001,0.01943650631615101,1
0.0004888534545898438,1.146156249051942e-05,0.0003704547882080078,1.1690195630886602e-05,16,7,"{'max_depth': 16, 'min_samples_split': 7}",1.0,1.0,0.9666666666666667,0.95,0.9833333333333333,0.9800000000000001,0.01943650631615101,1
0.0005816459655761719,0.00016953553379109627,0.00042967796325683595,0.00013444063231197144,16,8,"{'max_depth': 16, 'min_samples_split': 8}",1.0,1.0,0.9666666666666667,0.95,0.9833333333333333,0.9800000000000001,0.01943650631615101,1
0.0004881381988525391,1.2846846152158296e-05,0.0003681182861328125,1.4775028453206007e-05,16,9,"{'max_depth': 16, 'min_samples_split': 9}",1.0,1.0,0.9666666666666667,0.95,0.9833333333333333,0.9800000000000001,0.01943650631615101,1
0.000498199462890625,3.0411072488788173e-05,0.000379180908203125,3.386034056939593e-05,16,10,"{'max_depth': 16, 'min_samples_split': 10}",1.0,1.0,0.9666666666666667,0.95,0.9833333333333333,0.9800000000000001,0.01943650631615101,1
0.0005019187927246093,2.1006503442498425e-05,0.0003627300262451172,1.5474522933835287e-05,17,2,"{'max_depth': 17, 'min_samples_split': 2}",1.0,1.0,0.9666666666666667,0.95,0.9833333333333333,0.9800000000000001,0.01943650631615101,1
0.0004993915557861328,2.2111880443013176e-05,0.0003556728363037109,1.098941554291757e-05,17,3,"{'max_depth': 17, 'min_samples_split': 3}",1.0,1.0,0.9666666666666667,0.95,0.9833333333333333,0.9800000000000001,0.01943650631615101,1
0.000543212890625,7.270892669185083e-05,0.0004491329193115234,0.00018501640591631467,17,4,"{'max_depth': 17, 'min_samples_split': 4}",1.0,1.0,0.9666666666666667,0.95,0.9833333333333333,0.9800000000000001,0.01943650631615101,1
0.0005386829376220703,6.974590690204065e-05,0.00035867691040039065,1.5133552402755604e-05,17,5,"{'max_depth': 17, 'min_samples_split': 5}",1.0,1.0,0.9666666666666667,0.95,0.9833333333333333,0.9800000000000001,0.01943650631615101,1
0.000498199462890625,1.5799508325327935e-05,0.0003500461578369141,1.0810646103624948e-06,17,6,"{'max_depth': 17, 'min_samples_split': 6}",1.0,1.0,0.9666666666666667,0.95,0.9833333333333333,0.9800000000000001,0.01943650631615101,1
0.00048804283142089844,1.2510047993815875e-05,0.0003811836242675781,5.1004950764908665e-05,17,7,"{'max_depth': 17, 'min_samples_split': 7}",1.0,1.0,0.9666666666666667,0.95,0.9833333333333333,0.9800000000000001,0.01943650631615101,1
0.000546407699584961,7.934080278413257e-05,0.00041074752807617186,6.51682024063554e-05,17,8,"{'max_depth': 17, 'min_samples_split': 8}",1.0,1.0,0.9666666666666667,0.95,0.9833333333333333,0.9800000000000001,0.01943650631615101,1
0.0005047321319580078,1.8666819697440513e-05,0.0003623485565185547,1.815954670255668e-05,17,9,"{'max_depth': 17, 'min_samples_split': 9}",1.0,1.0,0.9666666666666667,0.95,0.9833333333333333,0.9800000000000001,0.01943650631615101,1
0.0004993438720703125,1.8909223861782615e-05,0.0004086017608642578,9.725600884273386e-05,17,10,"{'max_depth': 17, 'min_samples_split': 10}",1.0,1.0,0.9666666666666667,0.95,0.9833333333333333,0.9800000000000001,0.01943650631615101,1
0.000496530532836914,1.4498986356562815e-05,0.00037598609924316406,4.235564940612581e-05,18,2,"{'max_depth': 18, 'min_samples_split': 2}",1.0,1.0,0.9666666666666667,0.95,0.9833333333333333,0.9800000000000001,0.01943650631615101,1
0.0004945755004882813,1.7637561276843586e-05,0.00035676956176757815,7.3772734092001785e-06,18,3,"{'max_depth': 18, 'min_samples_split': 3}",1.0,1.0,0.9666666666666667,0.95,0.9833333333333333,0.9800000000000001,0.01943650631615101,1
0.0004894256591796875,1.0246341830095166e-05,0.0004369258880615234,0.00014259405222695777,18,4,"{'max_depth': 18, 'min_samples_split': 4}",1.0,1.0,0.9666666666666667,0.95,0.9833333333333333,0.9800000000000001,0.01943650631615101,1
0.0005286216735839843,5.672646912412067e-05,0.0003569602966308594,6.979436669743342e-06,18,5,"{'max_depth': 18, 'min_samples_split': 5}",1.0,1.0,0.9666666666666667,0.95,0.9833333333333333,0.9800000000000001,0.01943650631615101,1
0.0004897117614746094,1.4370925836740223e-05,0.00037364959716796876,2.2186715956041598e-05,18,6,"{'max_depth': 18, 'min_samples_split': 6}",1.0,1.0,0.9666666666666667,0.95,0.9833333333333333,0.9800000000000001,0.01943650631615101,1
0.0005497455596923829,7.348266378364652e-05,0.00035729408264160154,4.40293987788727e-06,18,7,"{'max_depth': 18, 'min_samples_split': 7}",1.0,1.0,0.9666666666666667,0.95,0.9833333333333333,0.9800000000000001,0.01943650631615101,1
0.000508260726928711,2.8854913267674967e-05,0.00037255287170410154,3.175735473632812e-05,18,8,"{'max_depth': 18, 'min_samples_split': 8}",1.0,1.0,0.9666666666666667,0.95,0.9833333333333333,0.9800000000000001,0.01943650631615101,1
0.0004919528961181641,2.483657960610661e-05,0.00037360191345214844,2.2341233008340946e-05,18,9,"{'max_depth': 18, 'min_samples_split': 9}",1.0,1.0,0.9666666666666667,0.95,0.9833333333333333,0.9800000000000001,0.01943650631615101,1
0.0005136489868164063,4.543600104806549e-05,0.0003815174102783203,5.306801262768186e-05,18,10,"{'max_depth': 18, 'min_samples_split': 10}",1.0,1.0,0.9666666666666667,0.95,0.9833333333333333,0.9800000000000001,0.01943650631615101,1
0.000496530532836914,2.050765692419123e-05,0.00036511421203613283,1.3363015742941289e-05,19,2,"{'max_depth': 19, 'min_samples_split': 2}",1.0,1.0,0.9666666666666667,0.95,0.9833333333333333,0.9800000000000001,0.01943650631615101,1
0.0005043506622314453,4.675922650196557e-06,0.00036792755126953126,2.7596227026697597e-05,19,3,"{'max_depth': 19, 'min_samples_split': 3}",1.0,1.0,0.9666666666666667,0.95,0.9833333333333333,0.9800000000000001,0.01943650631615101,1
0.0005242347717285157,3.284968525318093e-05,0.0003514289855957031,4.230166457408309e-06,19,4,"{'max_depth': 19, 'min_samples_split': 4}",1.0,1.0,0.9666666666666667,0.95,0.9833333333333333,0.9800000000000001,0.01943650631615101,1
0.000489187240600586,1.3174347096263889e-05,0.0003512382507324219,7.2196358189735945e-06,19,5,"{'max_depth': 19, 'min_samples_split': 5}",1.0,1.0,0.9666666666666667,0.95,0.9833333333333333,0.9800000000000001,0.01943650631615101,1
0.00048694610595703127,1.4010089188264453e-05,0.00037822723388671877,3.839519328192947e-05,19,6,"{'max_depth': 19, 'min_samples_split': 6}",1.0,1.0,0.9666666666666667,0.95,0.9833333333333333,0.9800000000000001,0.01943650631615101,1
0.0005031585693359375,2.987399066973163e-05,0.00036559104919433596,1.3256244521094815e-05,19,7,"{'max_depth': 19, 'min_samples_split': 7}",1.0,1.0,0.9666666666666667,0.95,0.9833333333333333,0.9800000000000001,0.01943650631615101,1
0.00048770904541015623,1.739874180905336e-05,0.00036754608154296873,1.987707576256343e-05,19,8,"{'max_depth': 19, 'min_samples_split': 8}",1.0,1.0,0.9666666666666667,0.95,0.9833333333333333,0.9800000000000001,0.01943650631615101,1
0.0005500316619873047,4.90259562450633e-05,0.00035877227783203124,7.779025002046321e-06,19,9,"{'max_depth': 19, 'min_samples_split': 9}",1.0,1.0,0.9666666666666667,0.95,0.9833333333333333,0.9800000000000001,0.01943650631615101,1
0.0004983425140380859,1.2836931001634618e-05,0.0003535747528076172,6.008905030068727e-06,19,10,"{'max_depth': 19, 'min_samples_split': 10}",1.0,1.0,0.9666666666666667,0.95,0.9833333333333333,0.9800000000000001,0.01943650631615101,1
0.0004887580871582031,1.4500868079184122e-05,0.0003538608551025391,6.948418974386612e-06,20,2,"{'max_depth': 20, 'min_samples_split': 2}",1.0,1.0,0.9666666666666667,0.95,0.9833333333333333,0.9800000000000001,0.01943650631615101,1
0.000514364242553711,5.257756223991179e-05,0.0003653049468994141,3.289499074906936e-05,20,3,"{'max_depth': 20, 'min_samples_split': 3}",1.0,1.0,0.9666666666666667,0.95,0.9833333333333333,0.9800000000000001,0.01943650631615101,1
0.000602102279663086,0.00020122768753203405,0.00035986900329589846,1.7633693418825972e-05,20,4,"{'max_depth': 20, 'min_samples_split': 4}",1.0,1.0,0.9666666666666667,0.95,0.9833333333333333,0.9800000000000001,0.01943650631615101,1
0.0005103111267089844,3.023185188228042e-05,0.000350189208984375,2.451889063297737e-06,20,5,"{'max_depth': 20, 'min_samples_split': 5}",1.0,1.0,0.9666666666666667,0.95,0.9833333333333333,0.9800000000000001,0.01943650631615101,1
0.0004909515380859375,9.987888984363194e-06,0.0003494739532470703,1.5033610125002334e-06,20,6,"{'max_depth': 20, 'min_samples_split': 6}",1.0,1.0,0.9666666666666667,0.95,0.9833333333333333,0.9800000000000001,0.01943650631615101,1
0.0005543708801269531,8.137815318890211e-05,0.0004009246826171875,7.245424115297784e-05,20,7,"{'max_depth': 20, 'min_samples_split': 7}",1.0,1.0,0.9666666666666667,0.95,0.9833333333333333,0.9800000000000001,0.01943650631615101,1
0.0005025863647460938,2.1926733380162083e-05,0.00035791397094726564,1.152368523545594e-05,20,8,"{'max_depth': 20, 'min_samples_split': 8}",1.0,1.0,0.9666666666666667,0.95,0.9833333333333333,0.9800000000000001,0.01943650631615101,1
0.0005005836486816406,1.6090410475814177e-05,0.00034999847412109375,6.397441799640054e-07,20,9,"{'max_depth': 20, 'min_samples_split': 9}",1.0,1.0,0.9666666666666667,0.95,0.9833333333333333,0.9800000000000001,0.01943650631615101,1
0.0006107330322265625,0.0001484416819960937,0.00039782524108886717,3.7539412231880326e-05,20,10,"{'max_depth': 20, 'min_samples_split': 10}",1.0,1.0,0.9666666666666667,0.95,0.9833333333333333,0.9800000000000001,0.01943650631615101,1
0.000525808334350586,2.4356345408371903e-05,0.0003741264343261719,2.24637372860836e-05,21,2,"{'max_depth': 21, 'min_samples_split': 2}",1.0,1.0,0.9666666666666667,0.95,0.9833333333333333,0.9800000000000001,0.01943650631615101,1
0.0005047798156738281,4.756899384673297e-05,0.0003678321838378906,1.7420813401247933e-05,21,3,"{'max_depth': 21, 'min_samples_split': 3}",1.0,1.0,0.9666666666666667,0.95,0.9833333333333333,0.9800000000000001,0.01943650631615101,1
0.000525522232055664,5.824627858385409e-05,0.0003568172454833984,1.380408571553926e-05,21,4,"{'max_depth': 21, 'min_samples_split': 4}",1.0,1.0,0.9666666666666667,0.95,0.9833333333333333,0.9800000000000001,0.01943650631615101,1
0.0005316734313964844,5.359891465186299e-05,0.00035414695739746096,6.864799193885009e-06,21,5,"{'max_depth': 21, 'min_samples_split': 5}",1.0,1.0,0.9666666666666667,0.95,0.9833333333333333,0.9800000000000001,0.01943650631615101,1
0.0005141735076904297,3.8158772550901584e-05,0.00034966468811035154,1.0293499538861706e-06,21,6,"{'max_depth': 21, 'min_samples_split': 6}",1.0,1.0,0.9666666666666667,0.95,0.9833333333333333,0.9800000000000001,0.01943650631615101,1
0.0005764961242675781,8.695449501428456e-05,0.00037217140197753906,1.9285690505917567e-05,21,7,"{'max_depth': 21, 'min_samples_split': 7}",1.0,1.0,0.9666666666666667,0.95,0.9833333333333333,0.9800000000000001,0.01943650631615101,1
0.0005387306213378906,5.548520283090618e-05,0.00040225982666015626,3.9350305743195594e-05,21,8,"{'max_depth': 21, 'min_samples_split': 8}",1.0,1.0,0.9666666666666667,0.95,0.9833333333333333,0.9800000000000001,0.01943650631615101,1
0.0005259990692138671,5.928936544328105e-05,0.0004046440124511719,6.0706707733976714e-05,21,9,"{'max_depth': 21, 'min_samples_split': 9}",1.0,1.0,0.9666666666666667,0.95,0.9833333333333333,0.9800000000000001,0.01943650631615101,1
0.0004969120025634765,1.1420623239615937e-05,0.00038242340087890625,1.5680621563710768e-05,21,10,"{'max_depth': 21, 'min_samples_split': 10}",1.0,1.0,0.9666666666666667,0.95,0.9833333333333333,0.9800000000000001,0.01943650631615101,1
0.0005000591278076172,1.4150579529328003e-05,0.00036602020263671876,7.279228072075417e-06,22,2,"{'max_depth': 22, 'min_samples_split': 2}",1.0,1.0,0.9666666666666667,0.95,0.9833333333333333,0.9800000000000001,0.01943650631615101,1
0.0005719184875488282,0.0001364430513312425,0.0004108428955078125,9.18947477473066e-05,22,3,"{'max_depth': 22, 'min_samples_split': 3}",1.0,1.0,0.9666666666666667,0.95,0.9833333333333333,0.9800000000000001,0.01943650631615101,1
0.000516510009765625,2.4347008323427186e-05,0.0003747463226318359,2.0068217382021514e-05,22,4,"{'max_depth': 22, 'min_samples_split': 4}",1.0,1.0,0.9666666666666667,0.95,0.9833333333333333,0.9800000000000001,0.01943650631615101,1
0.000502920150756836,1.230997399411942e-05,0.00035762786865234375,8.894003692752799e-06,22,5,"{'max_depth': 22, 'min_samples_split': 5}",1.0,1.0,0.9666666666666667,0.95,0.9833333333333333,0.9800000000000001,0.01943650631615101,1
0.0004976272583007812,2.2836666940331175e-05,0.00037903785705566405,1.884767858628694e-05,22,6,"{'max_depth': 22, 'min_samples_split': 6}",1.0,1.0,0.9666666666666667,0.95,0.9833333333333333,0.9800000000000001,0.01943650631615101,1
0.0005038738250732422,2.006493140183423e-05,0.0004192352294921875,8.415447722323385e-05,22,7,"{'max_depth': 22, 'min_samples_split': 7}",1.0,1.0,0.9666666666666667,0.95,0.9833333333333333,0.9800000000000001,0.01943650631615101,1
0.0005075931549072266,1.1588222155135482e-05,0.0003601551055908203,1.030299345420676e-05,22,8,"{'max_depth': 22, 'min_samples_split': 8}",1.0,1.0,0.9666666666666667,0.95,0.9833333333333333,0.9800000000000001,0.01943650631615101,1
0.0005364894866943359,2.744627628095377e-05,0.00042748451232910156,0.00011552889551098417,22,9,"{'max_depth': 22, 'min_samples_split': 9}",1.0,1.0,0.9666666666666667,0.95,0.9833333333333333,0.9800000000000001,0.01943650631615101,1
0.0005068778991699219,2.712319167975217e-05,0.00039310455322265624,2.831039673895204e-05,22,10,"{'max_depth': 22, 'min_samples_split': 10}",1.0,1.0,0.9666666666666667,0.95,0.9833333333333333,0.9800000000000001,0.01943650631615101,1
0.0005475044250488281,6.41200783045767e-05,0.0004036426544189453,7.879364319523151e-05,23,2,"{'max_depth': 23, 'min_samples_split': 2}",1.0,1.0,0.9666666666666667,0.95,0.9833333333333333,0.9800000000000001,0.01943650631615101,1
0.0005547523498535157,7.303261949883696e-05,0.0003644466400146484,1.3052279496800398e-05,23,3,"{'max_depth': 23, 'min_samples_split': 3}",1.0,1.0,0.9666666666666667,0.95,0.9833333333333333,0.9800000000000001,0.01943650631615101,1
0.0005049705505371094,1.6764064627882907e-05,0.0003800392150878906,3.1679002372293754e-05,23,4,"{'max_depth': 23, 'min_samples_split': 4}",1.0,1.0,0.9666666666666667,0.95,0.9833333333333333,0.9800000000000001,0.01943650631615101,1
0.0004866600036621094,1.2608173200324512e-05,0.00035877227783203124,1.1679493261499518e-05,23,5,"{'max_depth': 23, 'min_samples_split': 5}",1.0,1.0,0.9666666666666667,0.95,0.9833333333333333,0.9800000000000001,0.01943650631615101,1
0.0005358219146728516,5.2188645206140105e-05,0.0004319667816162109,0.00015580827621568271,23,6,"{'max_depth': 23, 'min_samples_split': 6}",1.0,1.0,0.9666666666666667,0.95,0.9833333333333333,0.9800000000000001,0.01943650631615101,1
0.0005005359649658203,1.3721481176881844e-05,0.00038347244262695315,3.1971424747351754e-05,23,7,"{'max_depth': 23, 'min_samples_split': 7}",1.0,1.0,0.9666666666666667,0.95,0.9833333333333333,0.9800000000000001,0.01943650631615101,1
0.0004911422729492188,1.886311386545482e-05,0.0003537654876708984,7.235365577083838e-06,23,8,"{'max_depth': 23, 'min_samples_split': 8}",1.0,1.0,0.9666666666666667,0.95,0.9833333333333333,0.9800000000000001,0.01943650631615101,1
0.0004924774169921875,1.8735271153688806e-05,0.0003631591796875,1.6182563361686184e-05,23,9,"{'max_depth': 23, 'min_samples_split': 9}",1.0,1.0,0.9666666666666667,0.95,0.9833333333333333,0.9800000000000001,0.01943650631615101,1
0.0004994392395019532,1.6829312079794218e-05,0.0003650188446044922,1.358358338665401e-05,23,10,"{'max_depth': 23, 'min_samples_split': 10}",1.0,1.0,0.9666666666666667,0.95,0.9833333333333333,0.9800000000000001,0.01943650631615101,1
0.0005115509033203125,4.2564654652889455e-05,0.0003619194030761719,2.0881983496905422e-05,24,2,"{'max_depth': 24, 'min_samples_split': 2}",1.0,1.0,0.9666666666666667,0.95,0.9833333333333333,0.9800000000000001,0.01943650631615101,1
0.0005826950073242188,8.76462497747889e-05,0.0004652500152587891,0.00015190168399354615,24,3,"{'max_depth': 24, 'min_samples_split': 3}",1.0,1.0,0.9666666666666667,0.95,0.9833333333333333,0.9800000000000001,0.01943650631615101,1
0.000536346435546875,3.327851958898311e-05,0.00036683082580566404,1.8891780313041534e-05,24,4,"{'max_depth': 24, 'min_samples_split': 4}",1.0,1.0,0.9666666666666667,0.95,0.9833333333333333,0.9800000000000001,0.01943650631615101,1
0.0005173683166503906,5.469261924058924e-05,0.0003509521484375,2.923910086966685e-06,24,5,"{'max_depth': 24, 'min_samples_split': 5}",1.0,1.0,0.9666666666666667,0.95,0.9833333333333333,0.9800000000000001,0.01943650631615101,1
0.0005870819091796875,0.0002052143154187861,0.000380706787109375,2.668260758424607e-05,24,6,"{'max_depth': 24, 'min_samples_split': 6}",1.0,1.0,0.9666666666666667,0.95,0.9833333333333333,0.9800000000000001,0.01943650631615101,1
0.0004908084869384765,1.5925647239905437e-05,0.00036110877990722654,1.3851770636258954e-05,24,7,"{'max_depth': 24, 'min_samples_split': 7}",1.0,1.0,0.9666666666666667,0.95,0.9833333333333333,0.9800000000000001,0.01943650631615101,1
0.0005006790161132812,3.0587905078337015e-05,0.0003769397735595703,3.7033704552826355e-05,24,8,"{'max_depth': 24, 'min_samples_split': 8}",1.0,1.0,0.9666666666666667,0.95,0.9833333333333333,0.9800000000000001,0.01943650631615101,1
0.0005284786224365234,4.9398258342549824e-05,0.00035800933837890623,2.4012905715969414e-06,24,9,"{'max_depth': 24, 'min_samples_split': 9}",1.0,1.0,0.9666666666666667,0.95,0.9833333333333333,0.9800000000000001,0.01943650631615101,1
0.0005080223083496094,1.8619498862625538e-05,0.00036439895629882815,8.132275649498022e-06,24,10,"{'max_depth': 24, 'min_samples_split': 10}",1.0,1.0,0.9666666666666667,0.95,0.9833333333333333,0.9800000000000001,0.01943650631615101,1
0.0005061626434326172,2.491308736101149e-05,0.0003657817840576172,8.80717069442305e-06,25,2,"{'max_depth': 25, 'min_samples_split': 2}",1.0,1.0,0.9666666666666667,0.95,0.9833333333333333,0.9800000000000001,0.01943650631615101,1
0.0005103588104248047,2.425109593305932e-05,0.0003688812255859375,1.2834273857063165e-05,25,3,"{'max_depth': 25, 'min_samples_split': 3}",1.0,1.0,0.9666666666666667,0.95,0.9833333333333333,0.9800000000000001,0.01943650631615101,1
0.0005027294158935547,1.1564259636859223e-05,0.0003705024719238281,1.0762162899286667e-05,25,4,"{'max_depth': 25, 'min_samples_split': 4}",1.0,1.0,0.9666666666666667,0.95,0.9833333333333333,0.9800000000000001,0.01943650631615101,1
0.0005420207977294922,1.7785195032093594e-05,0.00036230087280273435,6.129908123597656e-06,25,5,"{'max_depth': 25, 'min_samples_split': 5}",1.0,1.0,0.9666666666666667,0.95,0.9833333333333333,0.9800000000000001,0.01943650631615101,1
0.0006359100341796875,0.00012485773160573148,0.0004499912261962891,4.876918327209214e-05,25,6,"{'max_depth': 25, 'min_samples_split': 6}",1.0,1.0,0.9666666666666667,0.95,0.9833333333333333,0.9800000000000001,0.01943650631615101,1
0.0005033016204833984,1.7098452324257532e-05,0.0003647804260253906,9.482947254825279e-06,25,7,"{'max_depth': 25, 'min_samples_split': 7}",1.0,1.0,0.9666666666666667,0.95,0.9833333333333333,0.9800000000000001,0.01943650631615101,1
0.0005171775817871093,3.044238363398213e-05,0.00039033889770507814,5.397459632948609e-05,25,8,"{'max_depth': 25, 'min_samples_split': 8}",1.0,1.0,0.9666666666666667,0.95,0.9833333333333333,0.9800000000000001,0.01943650631615101,1
0.0005082130432128906,1.3900109871675147e-05,0.00036039352416992185,6.153971025429412e-06,25,9,"{'max_depth': 25, 'min_samples_split': 9}",1.0,1.0,0.9666666666666667,0.95,0.9833333333333333,0.9800000000000001,0.01943650631615101,1
0.0005008697509765625,1.1131262762869039e-05,0.0003581523895263672,1.8553806742042275e-06,25,10,"{'max_depth': 25, 'min_samples_split': 10}",1.0,1.0,0.9666666666666667,0.95,0.9833333333333333,0.9800000000000001,0.01943650631615101,1
0.0005300045013427734,2.2886693429121074e-05,0.00037860870361328125,2.448501929836221e-05,26,2,"{'max_depth': 26, 'min_samples_split': 2}",1.0,1.0,0.9666666666666667,0.95,0.9833333333333333,0.9800000000000001,0.01943650631615101,1
0.0005029678344726562,1.0622450761263069e-05,0.0003672599792480469,1.2891899076628894e-05,26,3,"{'max_depth': 26, 'min_samples_split': 3}",1.0,1.0,0.9666666666666667,0.95,0.9833333333333333,0.9800000000000001,0.01943650631615101,1
0.0005127429962158203,2.6058441756256165e-05,0.0003619670867919922,5.487564995123215e-06,26,4,"{'max_depth': 26, 'min_samples_split': 4}",1.0,1.0,0.9666666666666667,0.95,0.9833333333333333,0.9800000000000001,0.01943650631615101,1
0.0005147933959960937,2.4472200936919155e-05,0.00036907196044921875,1.138133484702077e-05,26,5,"{'max_depth': 26, 'min_samples_split': 5}",1.0,1.0,0.9666666666666667,0.95,0.9833333333333333,0.9800000000000001,0.01943650631615101,1
0.0005029678344726562,9.239573593078627e-06,0.0003676414489746094,1.3250583088198942e-05,26,6,"{'max_depth': 26, 'min_samples_split': 6}",1.0,1.0,0.9666666666666667,0.95,0.9833333333333333,0.9800000000000001,0.01943650631615101,1
0.0005049228668212891,2.8962274099673963e-05,0.0003651618957519531,1.052028565480746e-05,26,7,"{'max_depth': 26, 'min_samples_split': 7}",1.0,1.0,0.9666666666666667,0.95,0.9833333333333333,0.9800000000000001,0.01943650631615101,1
0.0005072593688964844,1.2750914491221306e-05,0.00047087669372558594,0.00012690929369154277,26,8,"{'max_depth': 26, 'min_samples_split': 8}",1.0,1.0,0.9666666666666667,0.95,0.9833333333333333,0.9800000000000001,0.01943650631615101,1
0.000499105453491211,1.7094861511582023e-05,0.000368499755859375,8.284625378935009e-06,26,9,"{'max_depth': 26, 'min_samples_split': 9}",1.0,1.0,0.9666666666666667,0.95,0.9833333333333333,0.9800000000000001,0.01943650631615101,1
0.0004936695098876953,1.8737091484669568e-05,0.0003604412078857422,1.0590079871068952e-05,26,10,"{'max_depth': 26, 'min_samples_split': 10}",1.0,1.0,0.9666666666666667,0.95,0.9833333333333333,0.9800000000000001,0.01943650631615101,1
0.0005139350891113281,4.7656432929723665e-05,0.0004367351531982422,0.00014129300543424246,27,2,"{'max_depth': 27, 'min_samples_split': 2}",1.0,1.0,0.9666666666666667,0.95,0.9833333333333333,0.9800000000000001,0.01943650631615101,1
0.0004893302917480469,1.1068991767516138e-05,0.00034885406494140626,8.58306884765625e-07,27,3,"{'max_depth': 27, 'min_samples_split': 3}",1.0,1.0,0.9666666666666667,0.95,0.9833333333333333,0.9800000000000001,0.01943650631615101,1
0.0004922866821289063,1.6341954496176208e-05,0.00037174224853515626,2.2067516752996653e-05,27,4,"{'max_depth': 27, 'min_samples_split': 4}",1.0,1.0,0.9666666666666667,0.95,0.9833333333333333,0.9800000000000001,0.01943650631615101,1
0.0005021095275878906,4.0900566528331745e-05,0.00038208961486816404,4.675305053070328e-05,27,5,"{'max_depth': 27, 'min_samples_split': 5}",1.0,1.0,0.9666666666666667,0.95,0.9833333333333333,0.9800000000000001,0.01943650631615101,1
0.0005153179168701172,5.826524728337851e-05,0.0003608226776123047,1.5052956852383101e-05,27,6,"{'max_depth': 27, 'min_samples_split': 6}",1.0,1.0,0.9666666666666667,0.95,0.9833333333333333,0.9800000000000001,0.01943650631615101,1
0.0004958629608154297,1.6741942081666923e-05,0.000360107421875,2.29796924755291e-05,27,7,"{'max_depth': 27, 'min_samples_split': 7}",1.0,1.0,0.9666666666666667,0.95,0.9833333333333333,0.9800000000000001,0.01943650631615101,1
0.0005150318145751953,3.734989699977604e-05,0.0003892421722412109,7.294028241912439e-05,27,8,"{'max_depth': 27, 'min_samples_split': 8}",1.0,1.0,0.9666666666666667,0.95,0.9833333333333333,0.9800000000000001,0.01943650631615101,1
0.0005732536315917969,9.078616347383193e-05,0.00039091110229492185,2.1022300492857396e-05,27,9,"{'max_depth': 27, 'min_samples_split': 9}",1.0,1.0,0.9666666666666667,0.95,0.9833333333333333,0.9800000000000001,0.01943650631615101,1
0.0005096912384033204,2.5327819595752973e-05,0.0003613471984863281,1.2097575787561355e-05,27,10,"{'max_depth': 27, 'min_samples_split': 10}",1.0,1.0,0.9666666666666667,0.95,0.9833333333333333,0.9800000000000001,0.01943650631615101,1
0.0005274295806884765,4.5799060997780055e-05,0.0004199981689453125,0.00013105048443128387,28,2,"{'max_depth': 28, 'min_samples_split': 2}",1.0,1.0,0.9666666666666667,0.95,0.9833333333333333,0.9800000000000001,0.01943650631615101,1
0.0005126953125,3.7288726748053216e-05,0.0004424571990966797,0.00010866609346331591,28,3,"{'max_depth': 28, 'min_samples_split': 3}",1.0,1.0,0.9666666666666667,0.95,0.9833333333333333,0.9800000000000001,0.01943650631615101,1
0.0004866600036621094,1.2378861612774084e-05,0.0003641605377197266,8.76083659718736e-06,28,4,"{'max_depth': 28, 'min_samples_split': 4}",1.0,1.0,0.9666666666666667,0.95,0.9833333333333333,0.9800000000000001,0.01943650631615101,1
0.0005197525024414062,1.5190089066223144e-05,0.0004099369049072266,8.181233404064474e-05,28,5,"{'max_depth': 28, 'min_samples_split': 5}",1.0,1.0,0.9666666666666667,0.95,0.9833333333333333,0.9800000000000001,0.01943650631615101,1
0.0005401134490966797,3.403749007941724e-05,0.00040984153747558594,6.27404278067648e-05,28,6,"{'max_depth': 28, 'min_samples_split': 6}",1.0,1.0,0.9666666666666667,0.95,0.9833333333333333,0.9800000000000001,0.01943650631615101,1
0.0004918098449707032,1.2270938954518762e-05,0.0003604412078857422,1.60449858299671e-05,28,7,"{'max_depth': 28, 'min_samples_split': 7}",1.0,1.0,0.9666666666666667,0.95,0.9833333333333333,0.9800000000000001,0.01943650631615101,1
0.0005179405212402344,4.957446407359124e-05,0.0003609657287597656,1.3783810909917646e-05,28,8,"{'max_depth': 28, 'min_samples_split': 8}",1.0,1.0,0.9666666666666667,0.95,0.9833333333333333,0.9800000000000001,0.01943650631615101,1
0.0005012035369873046,2.1389960371021946e-05,0.00038399696350097654,7.026881138229707e-05,28,9,"{'max_depth': 28, 'min_samples_split': 9}",1.0,1.0,0.9666666666666667,0.95,0.9833333333333333,0.9800000000000001,0.01943650631615101,1
0.0004910469055175781,2.0079657460137753e-05,0.0003486156463623047,1.0381479767359372e-06,28,10,"{'max_depth': 28, 'min_samples_split': 10}",1.0,1.0,0.9666666666666667,0.95,0.9833333333333333,0.9800000000000001,0.01943650631615101,1
0.0005046367645263672,4.914306053527062e-05,0.00036182403564453123,1.1597636459434239e-05,29,2,"{'max_depth': 29, 'min_samples_split': 2}",1.0,1.0,0.9666666666666667,0.95,0.9833333333333333,0.9800000000000001,0.01943650631615101,1
0.00048570632934570314,1.220870751554219e-05,0.0003951549530029297,3.5439171492837737e-05,29,3,"{'max_depth': 29, 'min_samples_split': 3}",1.0,1.0,0.9666666666666667,0.95,0.9833333333333333,0.9800000000000001,0.01943650631615101,1
0.0004899501800537109,8.20104464053867e-06,0.0003561973571777344,9.809410759448082e-06,29,4,"{'max_depth': 29, 'min_samples_split': 4}",1.0,1.0,0.9666666666666667,0.95,0.9833333333333333,0.9800000000000001,0.01943650631615101,1
0.000542593002319336,3.5455143449187606e-05,0.00035457611083984376,7.162722675562058e-06,29,5,"{'max_depth': 29, 'min_samples_split': 5}",1.0,1.0,0.9666666666666667,0.95,0.9833333333333333,0.9800000000000001,0.01943650631615101,1
0.0005073070526123047,2.4308127556875806e-05,0.0003753662109375,5.409561518961095e-05,29,6,"{'max_depth': 29, 'min_samples_split': 6}",1.0,1.0,0.9666666666666667,0.95,0.9833333333333333,0.9800000000000001,0.01943650631615101,1
0.00048704147338867186,1.192798405732704e-05,0.000351715087890625,4.675436360075103e-06,29,7,"{'max_depth': 29, 'min_samples_split': 7}",1.0,1.0,0.9666666666666667,0.95,0.9833333333333333,0.9800000000000001,0.01943650631615101,1
0.000594186782836914,5.23402148080924e-05,0.0005354404449462891,0.0002618765796155223,29,8,"{'max_depth': 29, 'min_samples_split': 8}",1.0,1.0,0.9666666666666667,0.95,0.9833333333333333,0.9800000000000001,0.01943650631615101,1
0.0005268573760986329,5.176251297031975e-05,0.00042724609375,0.00010389766312694551,29,9,"{'max_depth': 29, 'min_samples_split': 9}",1.0,1.0,0.9666666666666667,0.95,0.9833333333333333,0.9800000000000001,0.01943650631615101,1
0.0005052566528320312,2.9242366757051743e-05,0.0003838062286376953,7.40620981252023e-05,29,10,"{'max_depth': 29, 'min_samples_split': 10}",1.0,1.0,0.9666666666666667,0.95,0.9833333333333333,0.9800000000000001,0.01943650631615101,1
0.0005103111267089844,3.474752647875289e-05,0.00036067962646484374,1.2260743524865792e-05,30,2,"{'max_depth': 30, 'min_samples_split': 2}",1.0,1.0,0.9666666666666667,0.95,0.9833333333333333,0.9800000000000001,0.01943650631615101,1
0.0004923820495605468,2.7482703106396685e-05,0.00035867691040039065,1.14912808576943e-05,30,3,"{'max_depth': 30, 'min_samples_split': 3}",1.0,1.0,0.9666666666666667,0.95,0.9833333333333333,0.9800000000000001,0.01943650631615101,1
0.0005445003509521485,8.972238216806338e-05,0.00036072731018066406,1.7292169342664745e-05,30,4,"{'max_depth': 30, 'min_samples_split': 4}",1.0,1.0,0.9666666666666667,0.95,0.9833333333333333,0.9800000000000001,0.01943650631615101,1
0.0004980087280273438,1.7614212303969426e-05,0.00035915374755859377,1.8895390644320895e-05,30,5,"{'max_depth': 30, 'min_samples_split': 5}",1.0,1.0,0.9666666666666667,0.95,0.9833333333333333,0.9800000000000001,0.01943650631615101,1
0.0004941463470458984,1.1000995977247456e-05,0.0003612041473388672,2.0980293093533106e-05,30,6,"{'max_depth': 30, 'min_samples_split': 6}",1.0,1.0,0.9666666666666667,0.95,0.9833333333333333,0.9800000000000001,0.01943650631615101,1
0.0005095958709716797,2.8604109427413622e-05,0.0004425525665283203,0.00010801676276492385,30,7,"{'max_depth': 30, 'min_samples_split': 7}",1.0,1.0,0.9666666666666667,0.95,0.9833333333333333,0.9800000000000001,0.01943650631615101,1
0.00048232078552246094,1.3865224216984474e-05,0.00036363601684570314,1.672019823161411e-05,30,8,"{'max_depth': 30, 'min_samples_split': 8}",1.0,1.0,0.9666666666666667,0.95,0.9833333333333333,0.9800000000000001,0.01943650631615101,1
0.0004803180694580078,1.2080648464382736e-05,0.000356292724609375,1.3998724081769167e-05,30,9,"{'max_depth': 30, 'min_samples_split': 9}",1.0,1.0,0.9666666666666667,0.95,0.9833333333333333,0.9800000000000001,0.01943650631615101,1
0.0004938602447509766,2.9004323243706215e-05,0.0004244327545166016,0.0001541231377983506,30,10,"{'max_depth': 30, 'min_samples_split': 10}",1.0,1.0,0.9666666666666667,0.95,0.9833333333333333,0.9800000000000001,0.01943650631615101,1
0.0005035877227783203,9.667454450587605e-06,0.00034656524658203123,8.476442735019292e-07,31,2,"{'max_depth': 31, 'min_samples_split': 2}",1.0,1.0,0.9666666666666667,0.95,0.9833333333333333,0.9800000000000001,0.01943650631615101,1
0.0005043506622314453,3.3856311303285066e-05,0.00035071372985839844,8.553879164310896e-06,31,3,"{'max_depth': 31, 'min_samples_split': 3}",1.0,1.0,0.9666666666666667,0.95,0.9833333333333333,0.9800000000000001,0.01943650631615101,1
0.0005092620849609375,3.6428299191553474e-05,0.0004150867462158203,9.878335160472185e-05,31,4,"{'max_depth': 31, 'min_samples_split': 4}",1.0,1.0,0.9666666666666667,0.95,0.9833333333333333,0.9800000000000001,0.01943650631615101,1
0.0004852294921875,1.70681061610504e-05,0.00035800933837890623,1.2298886588848787e-05,31,5,"{'max_depth': 31, 'min_samples_split': 5}",1.0,1.0,0.9666666666666667,0.95,0.9833333333333333,0.9800000000000001,0.01943650631615101,1
0.00048146247863769533,1.300865602917457e-05,0.0003621101379394531,1.5659872410480985e-05,31,6,"{'max_depth': 31, 'min_samples_split': 6}",1.0,1.0,0.9666666666666667,0.95,0.9833333333333333,0.9800000000000001,0.01943650631615101,1
0.00048127174377441404,1.3436827777509573e-05,0.00042600631713867186,8.018231977445092e-05,31,7,"{'max_depth': 31, 'min_samples_split': 7}",1.0,1.0,0.9666666666666667,0.95,0.9833333333333333,0.9800000000000001,0.01943650631615101,1
0.0005068302154541016,2.0609848569131204e-05,0.00034689903259277344,2.6420393328085076e-06,31,8,"{'max_depth': 31, 'min_samples_split': 8}",1.0,1.0,0.9666666666666667,0.95,0.9833333333333333,0.9800000000000001,0.01943650631615101,1
0.0004925251007080079,1.2898775649992158e-05,0.0003452301025390625,3.015782985847835e-07,31,9,"{'max_depth': 31, 'min_samples_split': 9}",1.0,1.0,0.9666666666666667,0.95,0.9833333333333333,0.9800000000000001,0.01943650631615101,1
0.000554037094116211,8.636077797606185e-05,0.00036482810974121095,2.2821727277252375e-05,31,10,"{'max_depth': 31, 'min_samples_split': 10}",1.0,1.0,0.9666666666666667,0.95,0.9833333333333333,0.9800000000000001,0.01943650631615101,1
0.0005606651306152344,0.00010927663744333002,0.0003475189208984375,2.1303470519722632e-06,32,2,"{'max_depth': 32, 'min_samples_split': 2}",1.0,1.0,0.9666666666666667,0.95,0.9833333333333333,0.9800000000000001,0.01943650631615101,1
0.0004924774169921875,1.3792550862561086e-05,0.0003491878509521484,7.112070573264961e-06,32,3,"{'max_depth': 32, 'min_samples_split': 3}",1.0,1.0,0.9666666666666667,0.95,0.9833333333333333,0.9800000000000001,0.01943650631615101,1
0.0005183696746826171,2.511098906228484e-05,0.000370025634765625,4.472900298008601e-05,32,4,"{'max_depth': 32, 'min_samples_split': 4}",1.0,1.0,0.9666666666666667,0.95,0.9833333333333333,0.9800000000000001,0.01943650631615101,1
0.000519561767578125,2.9573669666434867e-05,0.0004043102264404297,8.622995863769816e-05,32,5,"{'max_depth': 32, 'min_samples_split': 5}",1.0,1.0,0.9666666666666667,0.95,0.9833333333333333,0.9800000000000001,0.01943650631615101,1
0.0004904747009277343,1.2485851465995326e-05,0.00034651756286621096,9.368363716310739e-07,32,6,"{'max_depth': 32, 'min_samples_split': 6}",1.0,1.0,0.9666666666666667,0.95,0.9833333333333333,0.9800000000000001,0.01943650631615101,1
0.0005513668060302734,0.0001237930794466469,0.0003710269927978516,2.9814488788587153e-05,32,7,"{'max_depth': 32, 'min_samples_split': 7}",1.0,1.0,0.9666666666666667,0.95,0.9833333333333333,0.9800000000000001,0.01943650631615101,1
0.0005003929138183594,1.2358640408323106e-05,0.00036411285400390626,2.5585946218884055e-05,32,8,"{'max_depth': 32, 'min_samples_split': 8}",1.0,1.0,0.9666666666666667,0.95,0.9833333333333333,0.9800000000000001,0.01943650631615101,1
0.0004937171936035157,2.3222214386137493e-05,0.0003652095794677734,2.5133163404073528e-05,32,9,"{'max_depth': 32, 'min_samples_split': 9}",1.0,1.0,0.9666666666666667,0.95,0.9833333333333333,0.9800000000000001,0.01943650631615101,1
0.0005137920379638672,4.3180757583352154e-05,0.0003691196441650391,1.7606465479441806e-05,32,10,"{'max_depth': 32, 'min_samples_split': 10}",1.0,1.0,0.9666666666666667,0.95,0.9833333333333333,0.9800000000000001,0.01943650631615101,1
0.0005087375640869141,2.8590115788465996e-05,0.0003483295440673828,4.9301364996196105e-06,33,2,"{'max_depth': 33, 'min_samples_split': 2}",1.0,1.0,0.9666666666666667,0.95,0.9833333333333333,0.9800000000000001,0.01943650631615101,1
0.0004982948303222656,2.258366425951984e-05,0.00034637451171875,6.641573084442195e-07,33,3,"{'max_depth': 33, 'min_samples_split': 3}",1.0,1.0,0.9666666666666667,0.95,0.9833333333333333,0.9800000000000001,0.01943650631615101,1
0.0005292415618896485,8.202644215023238e-05,0.00034766197204589845,2.5784503621284052e-06,33,4,"{'max_depth': 33, 'min_samples_split': 4}",1.0,1.0,0.9666666666666667,0.95,0.9833333333333333,0.9800000000000001,0.01943650631615101,1
0.0004910945892333985,2.0110660144756427e-05,0.00036220550537109376,1.793148653601514e-05,33,5,"{'max_depth': 33, 'min_samples_split': 5}",1.0,1.0,0.9666666666666667,0.95,0.9833333333333333,0.9800000000000001,0.01943650631615101,1
0.0004846096038818359,1.604371038825699e-05,0.00036602020263671876,1.3338150494495197e-05,33,6,"{'max_depth': 33, 'min_samples_split': 6}",1.0,1.0,0.9666666666666667,0.95,0.9833333333333333,0.9800000000000001,0.01943650631615101,1
0.0005102157592773438,4.416552147198535e-05,0.0003609180450439453,1.7823379503022353e-05,33,7,"{'max_depth': 33, 'min_samples_split': 7}",1.0,1.0,0.9666666666666667,0.95,0.9833333333333333,0.9800000000000001,0.01943650631615101,1
0.0004936695098876953,2.1552617566864248e-05,0.00036101341247558595,1.0067250969955316e-05,33,8,"{'max_depth': 33, 'min_samples_split': 8}",1.0,1.0,0.9666666666666667,0.95,0.9833333333333333,0.9800000000000001,0.01943650631615101,1
0.0004975318908691407,1.6963209637931963e-05,0.0003576755523681641,1.5021051663892808e-05,33,9,"{'max_depth': 33, 'min_samples_split': 9}",1.0,1.0,0.9666666666666667,0.95,0.9833333333333333,0.9800000000000001,0.01943650631615101,1
0.0005207538604736328,4.696819382800236e-05,0.0003504753112792969,7.077458632881158e-06,33,10,"{'max_depth': 33, 'min_samples_split': 10}",1.0,1.0,0.9666666666666667,0.95,0.9833333333333333,0.9800000000000001,0.01943650631615101,1
0.0004918098449707032,1.3522684819904106e-05,0.000354766845703125,1.0951694562774517e-05,34,2,"{'max_depth': 34, 'min_samples_split': 2}",1.0,1.0,0.9666666666666667,0.95,0.9833333333333333,0.9800000000000001,0.01943650631615101,1
0.0005213260650634765,4.014691368171932e-05,0.0003475666046142578,2.3525040404403705e-06,34,3,"{'max_depth': 34, 'min_samples_split': 3}",1.0,1.0,0.9666666666666667,0.95,0.9833333333333333,0.9800000000000001,0.01943650631615101,1
0.0005118846893310547,2.622561020926363e-05,0.00035176277160644533,7.1152668659854244e-06,34,4,"{'max_depth': 34, 'min_samples_split': 4}",1.0,1.0,0.9666666666666667,0.95,0.9833333333333333,0.9800000000000001,0.01943650631615101,1
0.0005064964294433594,2.7978031694552733e-05,0.00034809112548828125,6.169469447950694e-06,34,5,"{'max_depth': 34, 'min_samples_split': 5}",1.0,1.0,0.9666666666666667,0.95,0.9833333333333333,0.9800000000000001,0.01943650631615101,1
0.0005003929138183594,2.3560967428654633e-05,0.00035452842712402344,1.340328097771951e-05,34,6,"{'max_depth': 34, 'min_samples_split': 6}",1.0,1.0,0.9666666666666667,0.95,0.9833333333333333,0.9800000000000001,0.01943650631615101,1
0.0004878044128417969,1.3944531804225342e-05,0.00038084983825683596,3.293788696061671e-05,34,7,"{'max_depth': 34, 'min_samples_split': 7}",1.0,1.0,0.9666666666666667,0.95,0.9833333333333333,0.9800000000000001,0.01943650631615101,1
0.0004965782165527344,1.2677413330419345e-05,0.0003651618957519531,1.000631159409808e-05,34,8,"{'max_depth': 34, 'min_samples_split': 8}",1.0,1.0,0.9666666666666667,0.95,0.9833333333333333,0.9800000000000001,0.01943650631615101,1
0.0005062580108642578,3.196075530004331e-05,0.0003805637359619141,5.9370994376385604e-05,34,9,"{'max_depth': 34, 'min_samples_split': 9}",1.0,1.0,0.9666666666666667,0.95,0.9833333333333333,0.9800000000000001,0.01943650631615101,1
0.0005246639251708984,5.3720864481281435e-05,0.0003487586975097656,6.330271444425999e-06,34,10,"{'max_depth': 34, 'min_samples_split': 10}",1.0,1.0,0.9666666666666667,0.95,0.9833333333333333,0.9800000000000001,0.01943650631615101,1
0.0004927635192871094,1.3696436660229702e-05,0.0003567218780517578,2.027561836660922e-05,35,2,"{'max_depth': 35, 'min_samples_split': 2}",1.0,1.0,0.9666666666666667,0.95,0.9833333333333333,0.9800000000000001,0.01943650631615101,1
0.0004889488220214844,2.026047361797558e-05,0.0003623485565185547,1.5091274574102712e-05,35,3,"{'max_depth': 35, 'min_samples_split': 3}",1.0,1.0,0.9666666666666667,0.95,0.9833333333333333,0.9800000000000001,0.01943650631615101,1
0.0005008697509765625,3.234397375545844e-05,0.00036296844482421877,1.4548300915333274e-05,35,4,"{'max_depth': 35, 'min_samples_split': 4}",1.0,1.0,0.9666666666666667,0.95,0.9833333333333333,0.9800000000000001,0.01943650631615101,1
0.0004792213439941406,1.1855901743815444e-05,0.0003551959991455078,1.6143878150557575e-05,35,5,"{'max_depth': 35, 'min_samples_split': 5}",1.0,1.0,0.9666666666666667,0.95,0.9833333333333333,0.9800000000000001,0.01943650631615101,1
0.0005054950714111328,4.932704667048888e-05,0.00035924911499023436,1.579792521546767e-05,35,6,"{'max_depth': 35, 'min_samples_split': 6}",1.0,1.0,0.9666666666666667,0.95,0.9833333333333333,0.9800000000000001,0.01943650631615101,1
0.0004990577697753906,2.4924675544388062e-05,0.0003933429718017578,4.526021154521627e-05,35,7,"{'max_depth': 35, 'min_samples_split': 7}",1.0,1.0,0.9666666666666667,0.95,0.9833333333333333,0.9800000000000001,0.01943650631615101,1
0.0005080223083496094,2.491463884761409e-05,0.00034332275390625,5.5032875237478285e-06,35,8,"{'max_depth': 35, 'min_samples_split': 8}",1.0,1.0,0.9666666666666667,0.95,0.9833333333333333,0.9800000000000001,0.01943650631615101,1
0.0004960536956787109,2.9066578888217028e-05,0.00036683082580566404,8.212957722829774e-06,35,9,"{'max_depth': 35, 'min_samples_split': 9}",1.0,1.0,0.9666666666666667,0.95,0.9833333333333333,0.9800000000000001,0.01943650631615101,1
0.0005445480346679688,0.00010602107222896382,0.0004482746124267578,0.00011377672332713391,35,10,"{'max_depth': 35, 'min_samples_split': 10}",1.0,1.0,0.9666666666666667,0.95,0.9833333333333333,0.9800000000000001,0.01943650631615101,1
0.0004954338073730469,2.689040279810934e-05,0.00036787986755371094,1.737938981836789e-05,36,2,"{'max_depth': 36, 'min_samples_split': 2}",1.0,1.0,0.9666666666666667,0.95,0.9833333333333333,0.9800000000000001,0.01943650631615101,1
0.0004984855651855469,2.2905760215113484e-05,0.0003450870513916016,6.344980927786834e-06,36,3,"{'max_depth': 36, 'min_samples_split': 3}",1.0,1.0,0.9666666666666667,0.95,0.9833333333333333,0.9800000000000001,0.01943650631615101,1
0.0005433082580566407,9.560548159178638e-05,0.0004181385040283203,0.00014650501786255451,36,4,"{'max_depth': 36, 'min_samples_split': 4}",1.0,1.0,0.9666666666666667,0.95,0.9833333333333333,0.9800000000000001,0.01943650631615101,1
0.0004806041717529297,1.899608164531378e-05,0.00035104751586914065,1.8735877950333374e-05,36,5,"{'max_depth': 36, 'min_samples_split': 5}",1.0,1.0,0.9666666666666667,0.95,0.9833333333333333,0.9800000000000001,0.01943650631615101,1
0.0004775524139404297,1.0001083932628391e-05,0.00034427642822265625,8.249420649970479e-06,36,6,"{'max_depth': 36, 'min_samples_split': 6}",1.0,1.0,0.9666666666666667,0.95,0.9833333333333333,0.9800000000000001,0.01943650631615101,1
0.0005329132080078125,5.444352856639694e-05,0.0003941059112548828,5.664395948626897e-05,36,7,"{'max_depth': 36, 'min_samples_split': 7}",1.0,1.0,0.9666666666666667,0.95,0.9833333333333333,0.9800000000000001,0.01943650631615101,1
0.0004900932312011719,9.200115456911264e-06,0.0003436565399169922,4.9430329923165305e-06,36,8,"{'max_depth': 36, 'min_samples_split': 8}",1.0,1.0,0.9666666666666667,0.95,0.9833333333333333,0.9800000000000001,0.01943650631615101,1
0.0005251407623291015,1.5012118176736883e-05,0.0003464221954345703,8.309836654959564e-06,36,9,"{'max_depth': 36, 'min_samples_split': 9}",1.0,1.0,0.9666666666666667,0.95,0.9833333333333333,0.9800000000000001,0.01943650631615101,1
0.0005724430084228516,6.963830814972378e-05,0.0004252910614013672,7.398054363507379e-05,36,10,"{'max_depth': 36, 'min_samples_split': 10}",1.0,1.0,0.9666666666666667,0.95,0.9833333333333333,0.9800000000000001,0.01943650631615101,1
0.0005078315734863281,2.294027837262139e-05,0.0003485679626464844,1.1953309903475565e-05,37,2,"{'max_depth': 37, 'min_samples_split': 2}",1.0,1.0,0.9666666666666667,0.95,0.9833333333333333,0.9800000000000001,0.01943650631615101,1
0.0004895210266113281,3.189466764104966e-06,0.00034074783325195314,7.893059424041199e-07,37,3,"{'max_depth': 37, 'min_samples_split': 3}",1.0,1.0,0.9666666666666667,0.95,0.9833333333333333,0.9800000000000001,0.01943650631615101,1
0.0004944801330566406,2.4741829891821132e-05,0.00034351348876953124,8.962001847442751e-06,37,4,"{'max_depth': 37, 'min_samples_split': 4}",1.0,1.0,0.9666666666666667,0.95,0.9833333333333333,0.9800000000000001,0.01943650631615101,1
0.0005011558532714844,6.05055436381158e-05,0.0003754138946533203,7.383983134265347e-05,37,5,"{'max_depth': 37, 'min_samples_split': 5}",1.0,1.0,0.9666666666666667,0.95,0.9833333333333333,0.9800000000000001,0.01943650631615101,1
0.0004987239837646485,3.387839922206131e-05,0.0003471851348876953,4.812040638558526e-06,37,6,"{'max_depth': 37, 'min_samples_split': 6}",1.0,1.0,0.9666666666666667,0.95,0.9833333333333333,0.9800000000000001,0.01943650631615101,1
0.0005652427673339844,0.0001531921581184858,0.00036540031433105467,4.013076934494771e-05,37,7,"{'max_depth': 37, 'min_samples_split': 7}",1.0,1.0,0.9666666666666667,0.95,0.9833333333333333,0.9800000000000001,0.01943650631615101,1
0.0004921913146972656,5.50659180955965e-06,0.0003715991973876953,2.13916610914167e-05,37,8,"{'max_depth': 37, 'min_samples_split': 8}",1.0,1.0,0.9666666666666667,0.95,0.9833333333333333,0.9800000000000001,0.01943650631615101,1
0.0005014896392822266,3.003453387363388e-05,0.00035610198974609373,1.29490922729111e-05,37,9,"{'max_depth': 37, 'min_samples_split': 9}",1.0,1.0,0.9666666666666667,0.95,0.9833333333333333,0.9800000000000001,0.01943650631615101,1
0.0005179405212402344,3.9241873002283676e-05,0.00034661293029785155,1.0598235497900422e-06,37,10,"{'max_depth': 37, 'min_samples_split': 10}",1.0,1.0,0.9666666666666667,0.95,0.9833333333333333,0.9800000000000001,0.01943650631615101,1
0.0005004405975341797,1.4889999023663353e-05,0.00037174224853515626,1.836126475836286e-05,38,2,"{'max_depth': 38, 'min_samples_split': 2}",1.0,1.0,0.9666666666666667,0.95,0.9833333333333333,0.9800000000000001,0.01943650631615101,1
0.001284646987915039,0.0006855786068243536,0.0006779670715332031,0.00016170507727097897,38,3,"{'max_depth': 38, 'min_samples_split': 3}",1.0,1.0,0.9666666666666667,0.95,0.9833333333333333,0.9800000000000001,0.01943650631615101,1
0.0005465030670166015,8.359696583329132e-05,0.0004004955291748047,2.5342179094080026e-05,38,4,"{'max_depth': 38, 'min_samples_split': 4}",1.0,1.0,0.9666666666666667,0.95,0.9833333333333333,0.9800000000000001,0.01943650631615101,1
0.000510549545288086,2.9930259753830607e-05,0.0003754138946533203,1.5936351543658683e-05,38,5,"{'max_depth': 38, 'min_samples_split': 5}",1.0,1.0,0.9666666666666667,0.95,0.9833333333333333,0.9800000000000001,0.01943650631615101,1
0.0005061149597167969,1.4984678823625463e-05,0.00042743682861328124,0.00011589707377291066,38,6,"{'max_depth': 38, 'min_samples_split': 6}",1.0,1.0,0.9666666666666667,0.95,0.9833333333333333,0.9800000000000001,0.01943650631615101,1
0.0005163192749023437,2.3922117564631545e-05,0.0003596305847167969,9.393328935606409e-06,38,7,"{'max_depth': 38, 'min_samples_split': 7}",1.0,1.0,0.9666666666666667,0.95,0.9833333333333333,0.9800000000000001,0.01943650631615101,1
0.0005138874053955078,2.4992181354637397e-05,0.0003582954406738281,7.938157242857899e-06,38,8,"{'max_depth': 38, 'min_samples_split': 8}",1.0,1.0,0.9666666666666667,0.95,0.9833333333333333,0.9800000000000001,0.01943650631615101,1
0.0005397319793701172,8.769920775291977e-05,0.0003650188446044922,9.490137661965934e-06,38,9,"{'max_depth': 38, 'min_samples_split': 9}",1.0,1.0,0.9666666666666667,0.95,0.9833333333333333,0.9800000000000001,0.01943650631615101,1
0.0005074977874755859,1.7657531712792885e-05,0.0003650665283203125,1.3236333022254616e-05,38,10,"{'max_depth': 38, 'min_samples_split': 10}",1.0,1.0,0.9666666666666667,0.95,0.9833333333333333,0.9800000000000001,0.01943650631615101,1
0.0005510807037353516,0.00010231836586339666,0.00041942596435546876,0.00011305610923688752,39,2,"{'max_depth': 39, 'min_samples_split': 2}",1.0,1.0,0.9666666666666667,0.95,0.9833333333333333,0.9800000000000001,0.01943650631615101,1
0.0005189418792724609,2.5816934311557458e-05,0.0003861904144287109,3.5012448196772233e-05,39,3,"{'max_depth': 39, 'min_samples_split': 3}",1.0,1.0,0.9666666666666667,0.95,0.9833333333333333,0.9800000000000001,0.01943650631615101,1
0.0005218029022216797,2.1374647798001556e-05,0.0003650188446044922,1.2530024856062806e-05,39,4,"{'max_depth': 39, 'min_samples_split': 4}",1.0,1.0,0.9666666666666667,0.95,0.9833333333333333,0.9800000000000001,0.01943650631615101,1
0.0005359649658203125,5.7190847682286e-05,0.00040130615234375,7.202978434865205e-05,39,5,"{'max_depth': 39, 'min_samples_split': 5}",1.0,1.0,0.9666666666666667,0.95,0.9833333333333333,0.9800000000000001,0.01943650631615101,1
0.0005141735076904297,1.0958543718126851e-05,0.00037894248962402346,1.3690791178320659e-05,39,6,"{'max_depth': 39, 'min_samples_split': 6}",1.0,1.0,0.9666666666666667,0.95,0.9833333333333333,0.9800000000000001,0.01943650631615101,1
0.0005133152008056641,1.4167762020915134e-05,0.0003776073455810547,1.4710561575492e-05,39,7,"{'max_depth': 39, 'min_samples_split': 7}",1.0,1.0,0.9666666666666667,0.95,0.9833333333333333,0.9800000000000001,0.01943650631615101,1
0.0005846023559570312,0.00010236095691069123,0.0003837108612060547,2.803080653998667e-05,39,8,"{'max_depth': 39, 'min_samples_split': 8}",1.0,1.0,0.9666666666666667,0.95,0.9833333333333333,0.9800000000000001,0.01943650631615101,1
0.0005588054656982422,4.416047593140874e-05,0.0003785610198974609,1.7793375189496063e-05,39,9,"{'max_depth': 39, 'min_samples_split': 9}",1.0,1.0,0.9666666666666667,0.95,0.9833333333333333,0.9800000000000001,0.01943650631615101,1
0.0005131721496582031,1.535800624943847e-05,0.0003760814666748047,1.0506227890193105e-05,39,10,"{'max_depth': 39, 'min_samples_split': 10}",1.0,1.0,0.9666666666666667,0.95,0.9833333333333333,0.9800000000000001,0.01943650631615101,1
0.0005496978759765625,5.959732010658532e-05,0.0004029273986816406,4.435944092736475e-05,40,2,"{'max_depth': 40, 'min_samples_split': 2}",1.0,1.0,0.9666666666666667,0.95,0.9833333333333333,0.9800000000000001,0.01943650631615101,1
0.0005107402801513671,1.3330477197231297e-05,0.00037631988525390627,1.3077514432084616e-05,40,3,"{'max_depth': 40, 'min_samples_split': 3}",1.0,1.0,0.9666666666666667,0.95,0.9833333333333333,0.9800000000000001,0.01943650631615101,1
0.0005239963531494141,1.8572424736538866e-05,0.0003818511962890625,1.8612292630363694e-05,40,4,"{'max_depth': 40, 'min_samples_split': 4}",1.0,1.0,0.9666666666666667,0.95,0.9833333333333333,0.9800000000000001,0.01943650631615101,1
0.0005354881286621094,5.325120461820811e-05,0.000388336181640625,3.440022367356525e-05,40,5,"{'max_depth': 40, 'min_samples_split': 5}",1.0,1.0,0.9666666666666667,0.95,0.9833333333333333,0.9800000000000001,0.01943650631615101,1
0.0005190372467041016,1.0475234401620988e-05,0.0003749847412109375,1.2003990714566298e-05,40,6,"{'max_depth': 40, 'min_samples_split': 6}",1.0,1.0,0.9666666666666667,0.95,0.9833333333333333,0.9800000000000001,0.01943650631615101,1
0.0005199432373046875,2.1025436850247592e-05,0.00036921501159667967,4.683210942639053e-06,40,7,"{'max_depth': 40, 'min_samples_split': 7}",1.0,1.0,0.9666666666666667,0.95,0.9833333333333333,0.9800000000000001,0.01943650631615101,1
0.0005765914916992188,0.00012580574675827855,0.00038399696350097654,2.1105418086686133e-05,40,8,"{'max_depth': 40, 'min_samples_split': 8}",1.0,1.0,0.9666666666666667,0.95,0.9833333333333333,0.9800000000000001,0.01943650631615101,1
0.0005183696746826171,1.0842568199055457e-05,0.0003729343414306641,9.178836620113423e-06,40,9,"{'max_depth': 40, 'min_samples_split': 9}",1.0,1.0,0.9666666666666667,0.95,0.9833333333333333,0.9800000000000001,0.01943650631615101,1
0.0005334854125976562,2.599466735895506e-05,0.0003833293914794922,4.357295058021145e-05,40,10,"{'max_depth': 40, 'min_samples_split': 10}",1.0,1.0,0.9666666666666667,0.95,0.9833333333333333,0.9800000000000001,0.01943650631615101,1
0.0005333900451660156,2.729341917814869e-05,0.00037512779235839846,1.4265004191190235e-05,41,2,"{'max_depth': 41, 'min_samples_split': 2}",1.0,1.0,0.9666666666666667,0.95,0.9833333333333333,0.9800000000000001,0.01943650631615101,1
0.0005236148834228515,2.2551120979750667e-05,0.00037512779235839846,8.445000120753354e-06,41,3,"{'max_depth': 41, 'min_samples_split': 3}",1.0,1.0,0.9666666666666667,0.95,0.9833333333333333,0.9800000000000001,0.01943650631615101,1
0.0005900859832763672,0.00015451267815113663,0.00044994354248046876,0.00015150778675958768,41,4,"{'max_depth': 41, 'min_samples_split': 4}",1.0,1.0,0.9666666666666667,0.95,0.9833333333333333,0.9800000000000001,0.01943650631615101,1
0.0005282402038574219,4.373524836695423e-05,0.00037670135498046875,2.6287094495959923e-05,41,5,"{'max_depth': 41, 'min_samples_split': 5}",1.0,1.0,0.9666666666666667,0.95,0.9833333333333333,0.9800000000000001,0.01943650631615101,1
0.000491476058959961,1.4930867149133413e-05,0.0003696441650390625,2.0238128470696604e-05,41,6,"{'max_depth': 41, 'min_samples_split': 6}",1.0,1.0,0.9666666666666667,0.95,0.9833333333333333,0.9800000000000001,0.01943650631615101,1
0.0005283832550048828,0.00010160888531913858,0.00039920806884765627,7.67680576385856e-05,41,7,"{'max_depth': 41, 'min_samples_split': 7}",1.0,1.0,0.9666666666666667,0.95,0.9833333333333333,0.9800000000000001,0.01943650631615101,1
0.0005020618438720704,2.1827165576483398e-05,0.0003455162048339844,1.9970313636180804e-06,41,8,"{'max_depth': 41, 'min_samples_split': 8}",1.0,1.0,0.9666666666666667,0.95,0.9833333333333333,0.9800000000000001,0.01943650631615101,1
0.0004874229431152344,1.8637929241070536e-05,0.00035085678100585935,5.163510160973191e-06,41,9,"{'max_depth': 41, 'min_samples_split': 9}",1.0,1.0,0.9666666666666667,0.95,0.9833333333333333,0.9800000000000001,0.01943650631615101,1
0.0005016803741455078,2.5186934101506583e-05,0.00038504600524902344,6.403676267571804e-05,41,10,"{'max_depth': 41, 'min_samples_split': 10}",1.0,1.0,0.9666666666666667,0.95,0.9833333333333333,0.9800000000000001,0.01943650631615101,1
0.000525522232055664,7.812688357720083e-05,0.0003529071807861328,1.202858946974026e-05,42,2,"{'max_depth': 42, 'min_samples_split': 2}",1.0,1.0,0.9666666666666667,0.95,0.9833333333333333,0.9800000000000001,0.01943650631615101,1
0.000494384765625,2.207637602428329e-05,0.00035119056701660156,6.455818670683404e-06,42,3,"{'max_depth': 42, 'min_samples_split': 3}",1.0,1.0,0.9666666666666667,0.95,0.9833333333333333,0.9800000000000001,0.01943650631615101,1
0.0005262851715087891,7.178364924911744e-05,0.0003481864929199219,3.092464517038529e-06,42,4,"{'max_depth': 42, 'min_samples_split': 4}",1.0,1.0,0.9666666666666667,0.95,0.9833333333333333,0.9800000000000001,0.01943650631615101,1
0.0005278587341308594,4.9491470538667184e-05,0.00035028457641601564,7.97815684877017e-06,42,5,"{'max_depth': 42, 'min_samples_split': 5}",1.0,1.0,0.9666666666666667,0.95,0.9833333333333333,0.9800000000000001,0.01943650631615101,1
0.0004841804504394531,1.0720249554745786e-05,0.00035157203674316404,7.461549314253026e-06,42,6,"{'max_depth': 42, 'min_samples_split': 6}",1.0,1.0,0.9666666666666667,0.95,0.9833333333333333,0.9800000000000001,0.01943650631615101,1
0.00048389434814453123,1.4018201480167408e-05,0.0004480838775634766,0.0002053585793076442,42,7,"{'max_depth': 42, 'min_samples_split': 7}",1.0,1.0,0.9666666666666667,0.95,0.9833333333333333,0.9800000000000001,0.01943650631615101,1
0.0005153179168701172,4.5542217473967435e-05,0.00036454200744628906,1.3040428361982333e-05,42,8,"{'max_depth': 42, 'min_samples_split': 8}",1.0,1.0,0.9666666666666667,0.95,0.9833333333333333,0.9800000000000001,0.01943650631615101,1
0.0004933834075927735,1.285038542330158e-05,0.00034999847412109375,5.6379818931035815e-06,42,9,"{'max_depth': 42, 'min_samples_split': 9}",1.0,1.0,0.9666666666666667,0.95,0.9833333333333333,0.9800000000000001,0.01943650631615101,1
0.0005034446716308594,2.7728234501393546e-05,0.0003539085388183594,7.70442546275906e-06,42,10,"{'max_depth': 42, 'min_samples_split': 10}",1.0,1.0,0.9666666666666667,0.95,0.9833333333333333,0.9800000000000001,0.01943650631615101,1
0.00050506591796875,1.695865168936276e-05,0.00036678314208984377,5.549778200571642e-06,43,2,"{'max_depth': 43, 'min_samples_split': 2}",1.0,1.0,0.9666666666666667,0.95,0.9833333333333333,0.9800000000000001,0.01943650631615101,1
0.0005095958709716797,1.4252247075249776e-05,0.00036559104919433596,1.5049180149163798e-05,43,3,"{'max_depth': 43, 'min_samples_split': 3}",1.0,1.0,0.9666666666666667,0.95,0.9833333333333333,0.9800000000000001,0.01943650631615101,1
0.00054779052734375,8.602129117866733e-05,0.0003566265106201172,3.953437295565438e-06,43,4,"{'max_depth': 43, 'min_samples_split': 4}",1.0,1.0,0.9666666666666667,0.95,0.9833333333333333,0.9800000000000001,0.01943650631615101,1
0.0004899501800537109,1.2047099942949548e-05,0.0003654956817626953,9.381702924526822e-06,43,5,"{'max_depth': 43, 'min_samples_split': 5}",1.0,1.0,0.9666666666666667,0.95,0.9833333333333333,0.9800000000000001,0.01943650631615101,1
0.0004930973052978515,1.2904062828198589e-05,0.00036950111389160155,3.4632102095346774e-05,43,6,"{'max_depth': 43, 'min_samples_split': 6}",1.0,1.0,0.9666666666666667,0.95,0.9833333333333333,0.9800000000000001,0.01943650631615101,1
0.0005237579345703125,6.306780279148509e-05,0.0003620147705078125,1.573027895613589e-05,43,7,"{'max_depth': 43, 'min_samples_split': 7}",1.0,1.0,0.9666666666666667,0.95,0.9833333333333333,0.9800000000000001,0.01943650631615101,1
0.0005066871643066406,2.0055750467287313e-05,0.0004010200500488281,1.9623456798705417e-05,43,8,"{'max_depth': 43, 'min_samples_split': 8}",1.0,1.0,0.9666666666666667,0.95,0.9833333333333333,0.9800000000000001,0.01943650631615101,1
0.0005123138427734375,3.675093827982301e-05,0.0004124641418457031,8.466673101303643e-05,43,9,"{'max_depth': 43, 'min_samples_split': 9}",1.0,1.0,0.9666666666666667,0.95,0.9833333333333333,0.9800000000000001,0.01943650631615101,1
0.0004955768585205078,2.2617166048494355e-05,0.0004046440124511719,0.00010324547476881929,43,10,"{'max_depth': 43, 'min_samples_split': 10}",1.0,1.0,0.9666666666666667,0.95,0.9833333333333333,0.9800000000000001,0.01943650631615101,1
0.0004986763000488281,1.6361560760509484e-05,0.00035347938537597654,1.2511501932048268e-05,44,2,"{'max_depth': 44, 'min_samples_split': 2}",1.0,1.0,0.9666666666666667,0.95,0.9833333333333333,0.9800000000000001,0.01943650631615101,1
0.0005193710327148438,2.8454276057190198e-05,0.00035309791564941406,1.3731751128136292e-05,44,3,"{'max_depth': 44, 'min_samples_split': 3}",1.0,1.0,0.9666666666666667,0.95,0.9833333333333333,0.9800000000000001,0.01943650631615101,1
0.0005150318145751953,6.02080132969933e-05,0.00035262107849121094,1.2534560611815371e-05,44,4,"{'max_depth': 44, 'min_samples_split': 4}",1.0,1.0,0.9666666666666667,0.95,0.9833333333333333,0.9800000000000001,0.01943650631615101,1
0.0005124092102050781,7.111597399903082e-05,0.00036025047302246094,1.230387715763222e-05,44,5,"{'max_depth': 44, 'min_samples_split': 5}",1.0,1.0,0.9666666666666667,0.95,0.9833333333333333,0.9800000000000001,0.01943650631615101,1
0.0004822254180908203,1.2644369245820966e-05,0.0003604888916015625,1.287372020942555e-05,44,6,"{'max_depth': 44, 'min_samples_split': 6}",1.0,1.0,0.9666666666666667,0.95,0.9833333333333333,0.9800000000000001,0.01943650631615101,1
0.0006515026092529297,0.00027153105004095704,0.0004127025604248047,8.86767128598674e-05,44,7,"{'max_depth': 44, 'min_samples_split': 7}",1.0,1.0,0.9666666666666667,0.95,0.9833333333333333,0.9800000000000001,0.01943650631615101,1
0.0004919528961181641,9.42474403093543e-06,0.0003540515899658203,1.2763747038196729e-05,44,8,"{'max_depth': 44, 'min_samples_split': 8}",1.0,1.0,0.9666666666666667,0.95,0.9833333333333333,0.9800000000000001,0.01943650631615101,1
0.0005051136016845703,1.5261471035815298e-05,0.00036106109619140627,1.6844302141632094e-05,44,9,"{'max_depth': 44, 'min_samples_split': 9}",1.0,1.0,0.9666666666666667,0.95,0.9833333333333333,0.9800000000000001,0.01943650631615101,1
0.0005015373229980469,2.311829289869482e-05,0.0003804206848144531,6.0626539717049704e-05,44,10,"{'max_depth': 44, 'min_samples_split': 10}",1.0,1.0,0.9666666666666667,0.95,0.9833333333333333,0.9800000000000001,0.01943650631615101,1
0.0005011558532714844,2.836159113335361e-05,0.00034694671630859376,2.794282021328661e-06,45,2,"{'max_depth': 45, 'min_samples_split': 2}",1.0,1.0,0.9666666666666667,0.95,0.9833333333333333,0.9800000000000001,0.01943650631615101,1
0.0004957675933837891,1.5326142670397705e-05,0.0003460884094238281,2.1568647151753698e-06,45,3,"{'max_depth': 45, 'min_samples_split': 3}",1.0,1.0,0.9666666666666667,0.95,0.9833333333333333,0.9800000000000001,0.01943650631615101,1
0.0005230426788330079,4.1123272528139107e-05,0.0003474235534667969,1.5553957395839778e-06,45,4,"{'max_depth': 45, 'min_samples_split': 4}",1.0,1.0,0.9666666666666667,0.95,0.9833333333333333,0.9800000000000001,0.01943650631615101,1
0.0004973411560058594,2.4352797737807913e-05,0.0003550529479980469,6.769408434186032e-06,45,5,"{'max_depth': 45, 'min_samples_split': 5}",1.0,1.0,0.9666666666666667,0.95,0.9833333333333333,0.9800000000000001,0.01943650631615101,1
0.0005001068115234375,1.0108048021115191e-05,0.00035352706909179686,6.822938246111226e-06,45,6,"{'max_depth': 45, 'min_samples_split': 6}",1.0,1.0,0.9666666666666667,0.95,0.9833333333333333,0.9800000000000001,0.01943650631615101,1
0.00051422119140625,3.28316840585546e-05,0.00034842491149902346,2.976319605699012e-06,45,7,"{'max_depth': 45, 'min_samples_split': 7}",1.0,1.0,0.9666666666666667,0.95,0.9833333333333333,0.9800000000000001,0.01943650631615101,1
0.0004868507385253906,1.5982938539595003e-05,0.0003466606140136719,2.6420393328085076e-06,45,8,"{'max_depth': 45, 'min_samples_split': 8}",1.0,1.0,0.9666666666666667,0.95,0.9833333333333333,0.9800000000000001,0.01943650631615101,1
0.00048761367797851564,1.870903874934063e-05,0.0003505229949951172,7.356903540383478e-06,45,9,"{'max_depth': 45, 'min_samples_split': 9}",1.0,1.0,0.9666666666666667,0.95,0.9833333333333333,0.9800000000000001,0.01943650631615101,1
0.0004984855651855469,2.024587907867999e-05,0.00040564537048339846,7.87865152295795e-05,45,10,"{'max_depth': 45, 'min_samples_split': 10}",1.0,1.0,0.9666666666666667,0.95,0.9833333333333333,0.9800000000000001,0.01943650631615101,1
0.0004978656768798828,2.4006939623637537e-05,0.00035796165466308596,1.3581574575139528e-05,46,2,"{'max_depth': 46, 'min_samples_split': 2}",1.0,1.0,0.9666666666666667,0.95,0.9833333333333333,0.9800000000000001,0.01943650631615101,1
0.0004925251007080079,1.7712045476343068e-05,0.0003550529479980469,9.766900828587007e-06,46,3,"{'max_depth': 46, 'min_samples_split': 3}",1.0,1.0,0.9666666666666667,0.95,0.9833333333333333,0.9800000000000001,0.01943650631615101,1
0.0005054950714111328,3.770886615152864e-05,0.0003907203674316406,8.87318745807979e-05,46,4,"{'max_depth': 46, 'min_samples_split': 4}",1.0,1.0,0.9666666666666667,0.95,0.9833333333333333,0.9800000000000001,0.01943650631615101,1
0.0004971027374267578,2.0643249320678796e-05,0.0003513336181640625,9.30944413657133e-06,46,5,"{'max_depth': 46, 'min_samples_split': 5}",1.0,1.0,0.9666666666666667,0.95,0.9833333333333333,0.9800000000000001,0.01943650631615101,1
0.0004919052124023437,1.249950188383771e-05,0.00035190582275390625,1.2553592890073508e-05,46,6,"{'max_depth': 46, 'min_samples_split': 6}",1.0,1.0,0.9666666666666667,0.95,0.9833333333333333,0.9800000000000001,0.01943650631615101,1
0.0005282878875732422,7.491799207063452e-05,0.0003512382507324219,1.0035581487927106e-05,46,7,"{'max_depth': 46, 'min_samples_split': 7}",1.0,1.0,0.9666666666666667,0.95,0.9833333333333333,0.9800000000000001,0.01943650631615101,1
0.0005090713500976562,2.5786884433384927e-05,0.0003894805908203125,3.688346977437703e-05,46,8,"{'max_depth': 46, 'min_samples_split': 8}",1.0,1.0,0.9666666666666667,0.95,0.9833333333333333,0.9800000000000001,0.01943650631615101,1
0.00048527717590332033,1.327509852652821e-05,0.0003619194030761719,1.4631210320059069e-05,46,9,"{'max_depth': 46, 'min_samples_split': 9}",1.0,1.0,0.9666666666666667,0.95,0.9833333333333333,0.9800000000000001,0.01943650631615101,1
0.0004940509796142578,2.228079981827911e-05,0.0004222869873046875,7.459254365786706e-05,46,10,"{'max_depth': 46, 'min_samples_split': 10}",1.0,1.0,0.9666666666666667,0.95,0.9833333333333333,0.9800000000000001,0.01943650631615101,1
0.0005084991455078125,1.6064105303674455e-05,0.0003543853759765625,1.455220761124609e-05,47,2,"{'max_depth': 47, 'min_samples_split': 2}",1.0,1.0,0.9666666666666667,0.95,0.9833333333333333,0.9800000000000001,0.01943650631615101,1
0.0004872322082519531,1.229796218720078e-05,0.00034894943237304685,6.185296648510743e-06,47,3,"{'max_depth': 47, 'min_samples_split': 3}",1.0,1.0,0.9666666666666667,0.95,0.9833333333333333,0.9800000000000001,0.01943650631615101,1
0.0005174160003662109,4.4675697592262094e-05,0.0003585338592529297,1.7052779494011153e-05,47,4,"{'max_depth': 47, 'min_samples_split': 4}",1.0,1.0,0.9666666666666667,0.95,0.9833333333333333,0.9800000000000001,0.01943650631615101,1
0.0005204677581787109,7.02387770228427e-05,0.0003652095794677734,2.790919373455453e-05,47,5,"{'max_depth': 47, 'min_samples_split': 5}",1.0,1.0,0.9666666666666667,0.95,0.9833333333333333,0.9800000000000001,0.01943650631615101,1
0.0004903316497802734,1.6618031509367526e-05,0.0003508090972900391,7.745632188688746e-06,47,6,"{'max_depth': 47, 'min_samples_split': 6}",1.0,1.0,0.9666666666666667,0.95,0.9833333333333333,0.9800000000000001,0.01943650631615101,1
0.0005153656005859375,3.639320406171121e-05,0.00034999847412109375,5.7398994391647946e-06,47,7,"{'max_depth': 47, 'min_samples_split': 7}",1.0,1.0,0.9666666666666667,0.95,0.9833333333333333,0.9800000000000001,0.01943650631615101,1
0.0005619049072265625,0.00012206858022772008,0.00034723281860351565,2.239612305797077e-06,47,8,"{'max_depth': 47, 'min_samples_split': 8}",1.0,1.0,0.9666666666666667,0.95,0.9833333333333333,0.9800000000000001,0.01943650631615101,1
0.0004961967468261718,4.6167096872175726e-06,0.0003487110137939453,4.829021034687867e-06,47,9,"{'max_depth': 47, 'min_samples_split': 9}",1.0,1.0,0.9666666666666667,0.95,0.9833333333333333,0.9800000000000001,0.01943650631615101,1
0.0005135536193847656,2.7516437618739144e-05,0.0003613471984863281,2.1644730612871158e-05,47,10,"{'max_depth': 47, 'min_samples_split': 10}",1.0,1.0,0.9666666666666667,0.95,0.9833333333333333,0.9800000000000001,0.01943650631615101,1
0.000504159927368164,2.6822079552542395e-05,0.0003624439239501953,2.2953357887606136e-05,48,2,"{'max_depth': 48, 'min_samples_split': 2}",1.0,1.0,0.9666666666666667,0.95,0.9833333333333333,0.9800000000000001,0.01943650631615101,1
0.0005301475524902344,0.00010108392178365426,0.000357818603515625,1.8067913016750608e-05,48,3,"{'max_depth': 48, 'min_samples_split': 3}",1.0,1.0,0.9666666666666667,0.95,0.9833333333333333,0.9800000000000001,0.01943650631615101,1
0.0005192756652832031,4.6990360440539925e-05,0.000380706787109375,3.745203013708031e-05,48,4,"{'max_depth': 48, 'min_samples_split': 4}",1.0,1.0,0.9666666666666667,0.95,0.9833333333333333,0.9800000000000001,0.01943650631615101,1
0.000533151626586914,4.6382163868810154e-05,0.0003653049468994141,2.6368448135695757e-05,48,5,"{'max_depth': 48, 'min_samples_split': 5}",1.0,1.0,0.9666666666666667,0.95,0.9833333333333333,0.9800000000000001,0.01943650631615101,1
0.0005329132080078125,4.455899730716517e-05,0.0003682613372802734,2.8087530093234696e-05,48,6,"{'max_depth': 48, 'min_samples_split': 6}",1.0,1.0,0.9666666666666667,0.95,0.9833333333333333,0.9800000000000001,0.01943650631615101,1
0.0005017757415771484,1.0701356239922969e-05,0.00036678314208984377,1.7359492345268685e-05,48,7,"{'max_depth': 48, 'min_samples_split': 7}",1.0,1.0,0.9666666666666667,0.95,0.9833333333333333,0.9800000000000001,0.01943650631615101,1
0.00048499107360839845,1.2651380363087214e-05,0.00037364959716796876,1.1176110900844939e-05,48,8,"{'max_depth': 48, 'min_samples_split': 8}",1.0,1.0,0.9666666666666667,0.95,0.9833333333333333,0.9800000000000001,0.01943650631615101,1
0.000504159927368164,1.0318429980527456e-05,0.00040225982666015626,9.839536781486449e-05,48,9,"{'max_depth': 48, 'min_samples_split': 9}",1.0,1.0,0.9666666666666667,0.95,0.9833333333333333,0.9800000000000001,0.01943650631615101,1
0.0004910945892333985,1.237702468661686e-05,0.00036821365356445315,1.731030536760163e-05,48,10,"{'max_depth': 48, 'min_samples_split': 10}",1.0,1.0,0.9666666666666667,0.95,0.9833333333333333,0.9800000000000001,0.01943650631615101,1
0.0005083084106445312,1.3073514899623496e-05,0.0003493309020996094,2.228416718587479e-06,49,2,"{'max_depth': 49, 'min_samples_split': 2}",1.0,1.0,0.9666666666666667,0.95,0.9833333333333333,0.9800000000000001,0.01943650631615101,1
0.0005750656127929688,0.0001242234471309016,0.00035657882690429685,1.2260001708340132e-05,49,3,"{'max_depth': 49, 'min_samples_split': 3}",1.0,1.0,0.9666666666666667,0.95,0.9833333333333333,0.9800000000000001,0.01943650631615101,1
0.0005207538604736328,3.436418216295839e-05,0.0003524303436279297,6.357153220843435e-06,49,4,"{'max_depth': 49, 'min_samples_split': 4}",1.0,1.0,0.9666666666666667,0.95,0.9833333333333333,0.9800000000000001,0.01943650631615101,1
0.0004868507385253906,9.517650566005439e-06,0.0003785610198974609,1.0897998239631802e-05,49,5,"{'max_depth': 49, 'min_samples_split': 5}",1.0,1.0,0.9666666666666667,0.95,0.9833333333333333,0.9800000000000001,0.01943650631615101,1
0.0005509376525878907,9.252833077145286e-05,0.00035223960876464846,5.6773666634129395e-06,49,6,"{'max_depth': 49, 'min_samples_split': 6}",1.0,1.0,0.9666666666666667,0.95,0.9833333333333333,0.9800000000000001,0.01943650631615101,1
0.0004930973052978515,1.6025843545977488e-05,0.0003726959228515625,3.252623663163066e-05,49,7,"{'max_depth': 49, 'min_samples_split': 7}",1.0,1.0,0.9666666666666667,0.95,0.9833333333333333,0.9800000000000001,0.01943650631615101,1
0.0004944324493408204,1.6188884867800098e-05,0.00035552978515625,8.141776301196186e-06,49,8,"{'max_depth': 49, 'min_samples_split': 8}",1.0,1.0,0.9666666666666667,0.95,0.9833333333333333,0.9800000000000001,0.01943650631615101,1
0.0005323886871337891,7.436596144048709e-05,0.0003826141357421875,4.08461615485081e-05,49,9,"{'max_depth': 49, 'min_samples_split': 9}",1.0,1.0,0.9666666666666667,0.95,0.9833333333333333,0.9800000000000001,0.01943650631615101,1
0.0005455970764160156,0.00010469204956899193,0.00036177635192871096,1.9129789222018738e-05,49,10,"{'max_depth': 49, 'min_samples_split': 10}",1.0,1.0,0.9666666666666667,0.95,0.9833333333333333,0.9800000000000001,0.01943650631615101,1
0.0004973411560058594,7.871424684152211e-06,0.0003575801849365234,8.026459817384336e-06,50,2,"{'max_depth': 50, 'min_samples_split': 2}",1.0,1.0,0.9666666666666667,0.95,0.9833333333333333,0.9800000000000001,0.01943650631615101,1
0.0005047798156738281,1.3400227104214991e-05,0.0003552436828613281,7.671004315258105e-06,50,3,"{'max_depth': 50, 'min_samples_split': 3}",1.0,1.0,0.9666666666666667,0.95,0.9833333333333333,0.9800000000000001,0.01943650631615101,1
0.0005824089050292969,0.0001300925378508622,0.0003569602966308594,1.2600055362635608e-05,50,4,"{'max_depth': 50, 'min_samples_split': 4}",1.0,1.0,0.9666666666666667,0.95,0.9833333333333333,0.9800000000000001,0.01943650631615101,1
0.0005082130432128906,1.775960775546109e-05,0.0003565311431884766,1.4506041557768045e-05,50,5,"{'max_depth': 50, 'min_samples_split': 5}",1.0,1.0,0.9666666666666667,0.95,0.9833333333333333,0.9800000000000001,0.01943650631615101,1
0.00048499107360839845,1.4657915297658384e-05,0.0003749847412109375,5.927759087800134e-06,50,6,"{'max_depth': 50, 'min_samples_split': 6}",1.0,1.0,0.9666666666666667,0.95,0.9833333333333333,0.9800000000000001,0.01943650631615101,1
0.0005395889282226562,7.65653194644586e-05,0.00042510032653808594,9.786157703715365e-05,50,7,"{'max_depth': 50, 'min_samples_split': 7}",1.0,1.0,0.9666666666666667,0.95,0.9833333333333333,0.9800000000000001,0.01943650631615101,1
0.00048527717590332033,1.5547085238612486e-05,0.00035419464111328123,9.741492554171939e-06,50,8,"{'max_depth': 50, 'min_samples_split': 8}",1.0,1.0,0.9666666666666667,0.95,0.9833333333333333,0.9800000000000001,0.01943650631615101,1
0.00048818588256835935,2.534810001731908e-05,0.00035085678100585935,1.1094638927786163e-05,50,9,"{'max_depth': 50, 'min_samples_split': 9}",1.0,1.0,0.9666666666666667,0.95,0.9833333333333333,0.9800000000000001,0.01943650631615101,1
0.0006351470947265625,0.0002150142764905238,0.0004725933074951172,0.0001759550694072265,50,10,"{'max_depth': 50, 'min_samples_split': 10}",1.0,1.0,0.9666666666666667,0.95,0.9833333333333333,0.9800000000000001,0.01943650631615101,1
